00788692,Ms. Debra Ann Windsor,1008
06768500,Mr. Abe Factor,908
14238000,Mr. Ebb  Bailey 'Ebb' Mobley III,792
00791565,Mr. John Richard Rolater Jr.,780
19959725,Mr. Wayln G. Thompson,779
17790500,Mr. Stanley G. Schneider,711
10098100,Mr. Douglas W. Howell III,707
04457300,Mr. Winston Earle Cochran Jr.,702
17880500,Mr. Stanley L. 'Stan' Schwieger,638
24046139,Mr. Austin Reeve Jackson,628
00795437,Mr. James 'Jim' Huggler,626
16984600,Mr. Michael David Robbins,611
09529400,Ms. Rande K. Herrell,593
08716800,Mr. Theodore C. 'ted' Hake,540
21422700,Mr. Robert S. 'Bob' Wicoff,536
24025227,Ms. Bridget Woody Holloway,535
00793305,Mr. David W. Barlow,529
04801500,Mr. Tim B. Copeland,497
09219000,Mr. Michael A. 'Mike' Hatchell,491
17833400,Mr. David A. Schulman,477
90001967,Mr. Brian Marcus Middleton,452
24062194,Mr. Deterrean Shaunessey Gamble,435
10431500,Mr. Allen C. Isbell,433
00797589,Mr. Enrico Baltazar 'Rico' Valdez,426
24068071,Mr. Gabriel Caleb Price,418
18078300,Mr. Kollin Shadle,411
00784618,Mr. John P. Mobbs,405
10382944,Ms. Linda Icenhauer-Ramirez,397
10239520,Mr. Steven L. 'Steve' Hughes,396
24069359,Mr. Alex Johnathan Bell,392
11707550,Ms. Suzanne Marie Kramer,374
20871500,Mr. Larry Logan 'LARRY' Warner Sr.,362
08873230,Mr. Keith Stewart 'Keith' Hampton,357
11249500,Mr. David E. 'David' Keltner,353
12437100,Mr. Keith Clark Livesay,347
21633500,Mr. Joseph Rutherford Willie II,346
05900200,Ms. Sharon  E. Callaway,345
21236300,Mr. Richard E. Wetzel,344
06768725,Mr. Cary Marshall Faden,343
04705400,Mr. Joseph A. Connors III,338
09965450,Mr. Timothy Andrew 'Tim' Hootman,327
24013307,Mr. Peyton Zimmerman Peebles III,326
09802010,Mr. Richard P. Hogan Jr.,325
00790919,Mr. Troy Alan Hornsby,323
20579310,Mr. George William Vie III,321
24050279,Ms. Riann Christine Moore,320
20629400,Mr. Earl Raymon Waddell III,319
19550620,Mr. Dean M. Swanda,319
00784242,Ms. Cynthia Watson Hellstern,318
03239100,Ms. Jennifer Bruch Hogan,316
00787813,Mr. Kevin P. Keating,315
06662300,Mr. David A. Escamilla,314
00787344,Ms. Nicole Wignall Deborde,307
11054600,Mr. P. Michael 'Michael' Jung,304
08696000,Mr. John Harbell Hagler,302
15369200,Mr. John L. '"Jack"' Owen,300
09388250,Mr. William Scott 'Bill' Helfand,294
07904620,Mr. Robert B. 'Rob' Gilbreath,293
24048680,Mr. Michael Mowla,290
13610650,Mr. Charles W. McGarry,287
19225300,Mr. John William Stickels,286
21050060,Ms. Jane M. N. Webre,284
12961600,Mr. Vincent Lee 'Tripp' Marable III,281
06150500,Mr. Kevin Dubose,281
00788354,Mr. Clint Foster Sare,277
15167000,Mr. Douglas M. 'Doug' O'Brien,276
00788600,Mr. Darrin Mitchell Walker,273
01448900,Mr. Gregory R. 'Greg' Ave,271
18496100,Mr. Ken K. Slavin,269
08240320,Mr. Jerald Kaplan Graber,265
13947200,Mr. John R. Mercy,264
00796240,Mr. Martin Eric Braddy,251
20016200,Mr. William Michael Thursland,250
18404700,Mr. Reagan  W. Simpson,248
90001898,Ms. Kristen Elaine Jernigan,243
00794721,Ms. Holly Eileen 'Holly' Taylor,238
24055561,Ms. Mandy Goldman Miller,238
12830050,Mr. Kenneth G. 'Ken' Mahaffey,233
24037675,Ms. Beth Watkins,229
18400965,Ms. Georganna L. Simpson,228
01864300,Mr. Chad 'Chad' Baruch,228
17316750,Mr. Scott Rothenberg,227
19684500,Ben Taylor,225
06278450,Mr. Douglas M. 'Doug' Durham,222
02104000,Mr. Gary Michael Bellair,219
00798601,Ms. Kristy Layne Wright,216
00796633,Mr. Kevin  Michael Givens,212
01643100,Mr. Wessley T. 'Wes' Ball,210
21329050,Mr. Steven Gregory 'Greg' White,208
01738480,Mr. Bobby Dale Barina,208
15053050,Mr. Jeffery Taylor Nobles,208
18779400,Ms. Sallee S. Smyth,206
10592300,Mr. John G. Jasuta,203
18254600,Mr. Gregory Don Sherwood,203
06855600,Ms. Helena Foret Faulkner,200
02495500,Ms. Elizabeth G. 'Heidi' Bloch,200
02938600,Ms. Linda Claire Breck,196
24025628,Mr. Bryan Gerald Rutherford,195
04431900,Mr. Bruce Wayne 'Bruce' Cobb,194
08880500,Mr. Clinard J. 'Buddy' Hanby,194
00793583,Mr. Alan Brandt Daughtry,194
01871000,Mr. Robert Thomas 'Bob' Baskett,194
15322500,Mr. Richard R. Orsinger,193
14766450,Ms. Nissa M. 'Nissa' Dunn,190
00794430,Mr. M. Ariel Payan,190
16224800,Mr. Daniel V. 'Dan' Pozza,190
13737650,Mr. Tuck Moody McLain,189
24002433,Mr. Kurt Kuhn,189
24014182,Ms. Kimberly S. Keller,186
01782120,Mr. J. Rex 'Rex' Barnett,184
17267700,Ms. Barbara E. Rosenberg,184
02020700,Mr. Elmer C. Beckworth Jr.,183
04688650,Mr. Michael D. 'Mike' Conner,182
00792970,Mr. Mark W. Bennett,180
24069969,Mr. Niles Stefan Illich,180
22277700,Mr. Larry Zinn,177
00786313,Mr. James Wesley Volberding,175
12266480,Ms. Katherine Lynn 'Kathy' Levy,174
03319970,Ms. Catherine Bukowski 'Cathy' Smith,173
16017700,Mr. James B. Pinson,173
13725200,Mr. Kelly K. 'Kelly' McKinnis,173
17727350,Mr. Alex Joseph 'Alex' Scharff,171
18838700,Ms. M. Joy 'Joy M. Soloway' Soloway,171
12334020,Mr. Steven J. Lieberman,171
16922300,Ms. Jennifer Scott 'Riggs' Riggs,169
24027742,Mr. Trey David Picard,167
00874010,Mr. N. Terry 'Terry' Adams Jr.,167
24001933,Mr. Philip Thomas Cowen,166
24050883,Mr. Matthew Joseph Kita,166
16109800,Mr. Adam Poncio,166
24012569,Mr. Frederick Leighton 'Leighton' Durham,165
18858000,Mr. Luther H. 'Luke' Soules III,165
00791708,Mr. Thad D. Spalding,165
13407200,Ms. Kelly McClendon,165
00791700,Mr. Timothy B. 'Tim' Soefje,164
15633800,Mr. Timothy Patton,163
24051190,Ms. Kimberly Joy 'Kim' Duncan,163
20070500,Mr. Stephen G. Tipps,162
24025336,Mr. Frederick Thomas 'Rick' Dunbar,162
04323000,Mr. Richard J. Clarkson,161
02145500,Mr. James Bruce 'Bruce' Bennett,161
09489100,Ms. Mary H. 'Molly' Hatchell,159
24074756,Mr. Nathan Edward Morey,158
04422400,Mr. Clay E. Coalson,156
24002739,Mr. Scott Howard 'Scott' Pawgan,154
02006200,Ms. Debora B 'Debbie' Alsup,153
06196400,Mr. Richard Brooks Dulany Jr.,150
05942000,Mr. Paul Dodson,150
02857300,Mr. David F. Bragg,148
04086600,Ms. Andrea Chan,147
03607200,Mr. Robert Thomas Cain Jr.,147
19834000,Mr. Lane D. Thibodeaux,145
12166650,Ms. Danielle  Ailine 'Danielle Kennedy' Kennedy,144
24068556,Ms. Laura Elena Durbin,144
11073100,Ms. Leora Teicher Kahn,144
24037129,Mr. Kristofer S Monson,144
00792401,Ms. Kirsten M. Castaneda,141
06332400,Mr. Michael W. 'Michael' Eady,140
00788253,Ms. Macey Reasoner 'Macey' Stokes,140
15744050,Ms. Julia Fields Pendery,138
00790901,Mr. Richard Russell Hollenbeck,136
00797496,Mr. Perry Richard Stevens,136
17646450,Mr. Renato Santos Jr.,135
17136525,Ms. Judy Rodgers Hodgkiss,135
01077850,Mr. Jeffrey S. 'Jeff' Alley,134
05974800,Mr. Mark Donheiser,133
11825500,Mr. Jules L. Laird Jr.,133
24012975,Mr. Steven  Jon Knight,133
24033062,Ms. Grace Eun Hae Shin,132
01831600,Ms. Mary Barrow Nichols,132
22243420,Mr. Thomas Anthony 'Tom' Zakes,129
09307050,Mr. Karl E. Hays,129
24032600,Ms. Margaret Emily Johnson-Liu,129
00793586,Ms. Elizabeth Conry 'Conry' Davidson,129
11157980,Mr. Byron C. Keeling,129
24066670,Lane Andrew Haygood,128
24026905,Ms. Lisa  Erin 'Lisa' Hobbs,128
21566200,Ms. Nelda F. Williams,127
09590800,Mr. Robert William Higgason,127
18692100,Ms. Valencia Bush,126
15861300,Mr. Douglas H. 'Doug' Pettit,126
01797100,Ms. Pamela Stanton Baron,126
00789966,Ms. M. Michele Greene,125
11027850,Mr. Harvey G. Joseph,125
20559350,Mr. Ramon G. 'Ray' Viada III,123
00930500,Mr. Michael Kemp 'Mike Aduddell' Aduddell,121
01739050,Mr. Ben A. Baring Jr.,121
24025328,Mr. Christopher Matthew Dillon,121
12761550,Mr. Charles Alfred 'C. Alfred Mackenzie' Mackenzie,120
00795708,Ms. Amy Warr,120
02916300,Mr. William A. Bratton III,120
13395980,Mr. Bradley Dean 'BRAD' McClellan,120
15103250,Mr. R. Michael 'Mike' Northrup,119
00794227,Mr. Michael Adrian Mark,119
01720800,Ms. Stephanie L. Stevens,119
24070262,Mr. Nicholas Matthew Mensch,119
17186350,Mr. Stephan Bruce 'Steve' Rogers,118
07866000,Mr. J. Stephen 'Stephen Gibson' Gibson,118
08210000,Mr. Kenneth R. 'Ken' Gordon,117
24002607,Mr. Brian Charles Miller,117
19674500,Mr. Stephen L. 'Steve' Tatum,116
09977050,Ms. Kathleen Hopkins 'Kate' Alsina,115
15544900,Mr. E. Lee Parsley,114
08578900,Ms. Victoria 'Vicky' Guerra,113
90001244,Mr. Chad M. Ruback,113
24046689,Mr. Sean Michael Reagan,112
24038803,Ms. Janet Celeste Carter 'Celeste' Blackburn,112
11642500,Mr. Jeffrey Huffman 'Jeff' Kobs,111
13260900,Ms. Michelle May O'Neil,110
24074812,Mr. Jason Edward Niehaus,110
12555900,Mr. Paul  C. Looney,110
01970000,Mr. Alexander  N. 'Alex' Beard,110
07555580,Mr. David Allen Furlow,109
24049450,Ms. Dayna LeAnn Jones,109
00791825,Mr. Michael S. Truesdale,109
24069451,Mr. Franklin Gordon 'Paco' Bynum,109
19260950,Justice Craig Thomas Stoddart,108
20526300,Mr. James A. 'Jimmy' Vaught,108
00786464,Mr. R. Scott 'Scott' Shearer,108
22041800,Mr. Jay M. Wright,107
02216575,Ms. Catherine Clare Bernhard,107
04508500,Justice Murry B. Cohen,106
11910100,Ms. Libra Joy 'Libby' Lange,106
24076098,Mark Charles Kratovil,106
00784817,Ms. Laurellen Elizabeth 'Laurie' Ratliff,105
18562635,Ms. Deborah Smith 'Debbie' McClure,105
24012544,Mr. Lawrence Matthew Doss,104
10119000,Mr. Jerry W. Howeth,104
24056166,Mr. Gary Emil Prust,103
02333900,Mr. James Wade Birdwell,103
24052766,James Chiun-Yue 'Jim' Ho,103
14011020,Mr. Franklyn 'MICK' Mickelsen Jr.,102
00790740,Mr. Baldemar Garcia Jr.,102
01552000,Mr. William J. 'Bill' Baine,102
16215500,Mr. Bruce Stephen Powers,102
13944250,Ms. Kenna Mercer Seiler,102
00794814,Mr. Eric Gordon Walraven,102
12095275,Mr. Thomas S. 'Tom' Leatherbury,102
24083252,Carey Colin Jensen,102
00790323,Ms. Gena Blount Bunn,101
24027934,Mr. Ryan David Clinton,101
24069083,Carly Neda 'Carly Dessauer' Dessauer,100
24007721,Mr. Michael J. Murray,99
04661700,Mr. George R. Conkey,99
24032626,Ms. Susan Allison Kidwell,99
17610700,Mr. Forrest L. Sanderson III,99
14194550,Mr. Michael W. 'mike' Minton,98
12816200,Mr. Alan Neil Magenheim,98
24008648,Mr. Jeffrey David 'Jeff' Parker,97
18191660,Mr. Jeffrey William 'Jeff Shell' Shell,96
00797364,Mr. Kent Geoffrey Rutter,96
00791985,Mr. Gregory Norman 'Greg Ziegler' Ziegler,96
05227500,Ms. Patricia Jean Cummings,95
18777575,Mr. Craig Smyser,95
07474700,Ms. Gail N. Friend,95
03743800,Mr. Mark J. Cannan,95
10148415,Mr. Michael Wallace Huddleston,94
00794264,Ms. Marnie Ann McCormick,94
24001236,Mr. Patrick Gordon Barkman,94
00787396,Mr. Robert B. Dubose,94
14740500,Mr. Thomas V. 'Tom' Murto III,93
00787674,Mr. James Alan Hemphill,93
00790051,Mr. Jeffrey Robert 'Jeff' Sandberg,92
24046627,Ms. Constance H. 'Connie' Pfeiffer,92
24062822,Mr. Scott Allen Keller,92
05834200,Mr. Donald Bradley 'Brad' Dickinson,92
06717580,Mr. George Stephen 'Stephen' Evans,92
04035650,John Hill Cayce Jr.,91
24037591,Ms. Rosa Theofanis,91
15782550,Mr. Gregory Thomas 'Greg' Perkes,90
24007633,Mr. Shawn Malcolm McCaskill,90
15313350,Ms. Cynthia Eva Hujar 'Cynthia' Orr,90
12398300,Mr. Emil Lippe Jr.,90
00797826,Ms. Nicole Rahel Fellows,89
14765380,Mr. Robert John 'Rob' Myers,89
00787731,Mr. Michael D. Hudgins,89
24001800,Mr. Marc Alden Brumberger,89
13153000,Mr. Edgar Adams Mason,88
13698700,Justice Wanda McKee Fowler,88
07149500,Mr. James Calvin 'jim' Fling,87
03826100,Mr. Jack Gardiner Carnegie,87
16492500,Mr. Bruce Edwin Ramage,87
00792737,Ms. Ruby Jeanette Eddins Parham,87
24012436,Mr. Robert William 'Robert' Clore,86
00790206,Mr. John Sidney Adcock,86
16245550,Ms. Karen S. Precella,86
09812200,Mr. Jack Hohengarten,86
06209000,Mr. Edward Walter Dunbar,85
24073751,Ms. Shara D. Saget,84
11198299,Ms. Mary F. Keller,84
15011500,Ms. Penelope E. 'Penny' Nicholson,83
18219700,Mr. George William 'Billy' Shepherd III,83
16460150,Mr. Christopher David Raesz,83
00791667,Mr. Iain Gordon Simpson,83
24051062,Ms. Jamie Dean Matuska,83
19158600,Mr. Kerwin B. Stephens,82
00787295,Mr. Thomas B. 'Thomas' Cowart,82
14578980,Mr. Shayne D. Moses,82
15740000,Mr. Oscar J. 'Oscar' Pena,82
01805800,Mr. Horacio L. Barrera,82
24027427,Mr. Christopher Donald 'Chris' Kratovil,82
00798088,Ms. Anne More Burnham,82
14580100,Mr. Michael D. 'Mike' Mosher,81
04462500,Mr. Perry Cockerell,81
24007877,Mr. Stephen Douglas 'Doug' Pritchett Jr.,81
08193000,Mr. Ronald Leroy Goranson,81
11476350,Mr. Charles G. Kingsbury,80
00829950,Mr. Henry J. Ackels,80
24048773,Carmen Mae Roe,80
24043997,Ms. Marcella Paige Williams,80
24073089,Kyle Mitchell Burke,80
00787386,Mr. Jeffrey Lee 'Jeff' Dorrell,80
00791261,Ms. Danica Lynn 'Danica' Milios,79
13882700,Ms. Elizabeth Meador Bruman,79
16355700,Ms. Marva J. Provo,79
24043646,Susan Marie Wolfe,79
00850600,Mr. Carl David Adams,79
06096050,Mr. Peter F. Doyle Jr.,79
24027180,Ms. Tanya Nicole 'Tanya' Garrison,79
24007158,Katherine Khristine 'Katherine' Elrich,79
24041839,Mr. Dylan Benjamen Russell,78
05630480,Ms. Katharine Kalinke 'Kathy' Decker,78
00785767,Mr. Eugene Antone Clayborn,78
00795301,Mr. Clay S. 'Clay' Conrad,78
24041130,Mr. Jason Lee Horton,78
24041834,Mr. Dal Ray 'Dal' Ruggles,78
24027297,Ms. Karlene Dunn Poll,77
24045921,Ms. Amanda Garrett Taylor,77
01814000,Mr. Roy Lee 'Roy' Barrett,76
09590500,Mr. James N. 'Jim' Higdon,76
00796397,Mr. Noel Dade Cooper,76
03395000,Ms. Rikke Burke Graber,76
16170300,Mr. Timothy Brian 'Tim' Poteet,76
11035400,Mr. Jeff Joyce,75
12694200,Ms. Erin E. Lunceford,74
24041411,Mr. Jadd Fitzgerald Masso,74
17858450,Mr. John C. 'John Schwambach' Schwambach Jr.,74
11614500,Mr. Marc O. Knisely,74
24035655,Mr. Rance Lamar Craft,74
09580400,Mr. Max Renea 'Renea' Hicks,74
08918280,Ms. Catherine L. Hanna,74
15244800,Mr. Joseph M. 'Joe' Nixon,73
15992700,Mr. David R. Pierce,73
14767700,Mr. Andrew Jan 'Andy' Mytelka,73
06625280,Mr. James Michael 'Jim' English,73
18415600,Mr. Andrew D. 'Andy' Sims,73
24056168,Mr. Ricardo Pumarejo Jr.,73
16642000,Mr. Harry Max Reasoner,73
24050854,Ms. Lori Jayne Kaspar,72
18562620,Ms. Deanna Dean 'Deanna' Lovett,72
02277280,Mr. J. W. Beverly,72
10528000,Mr. Terry L. Jacobson,72
24084003,Joel Joseph Vale Jr.,72
13335300,Mr. Neil C. McCabe,72
11058030,Mr. Frederick D. 'Fred' Junkin,72
08817000,Mr. Ferriel C. Hamby Jr.,71
00793699,Mr. John Gregory Escamilla,71
10059550,Mr. Samuel A. Houston,71
17281075,Mr. Brent Marcus 'Brent Rosenthal' Rosenthal,71
00796918,Mr. Brad M. Lamorgese,71
04715800,Ms. LaDawn Horn 'LaDawn' Conway,71
00793584,Mr. Joseph Wesley 'Wes Dauphinot' Dauphinot,71
07651000,Justice Anne L. 'Anne' Gardner,70
00794461,Ms. Ruth Ellen Piller,70
24047791,Mr. William Leslie 'Les' Shireman,69
16956800,Mr. Augustin 'Augie' Rivera Jr.,69
01857250,Mr. Russell R. Barton,69
24034619,Mr. Maxwell Corbin 'Maxwell' Peck III,69
13448300,Mr. Robert Patrick 'bob' McConnell,69
24032706,Ms. Jessica 'Jessica' Zavadil,68
24041263,Ms. Angela Mann Kneeland,68
00790782,Mr. Kendall Matthew 'Kendall' Gray,68
08763500,Mr. Lance Carroll Hall,68
13482290,Mr. Hubert Todd 'Todd' McCray,68
24010755,Mr. Robert 'Rob' Galvin,68
19466300,Mr. Frank B. Suhr,68
17505700,Mr. David J. Sacks,68
15707300,Ms. Collyn Ann Peddie,67
24012371,Mr. Kevin Graham Cain,67
24001866,Ms. Jacquelyn Ann 'Jackie' Chandler,67
00784899,Ms. Gwendolyn Johnson 'Gwen' Samora,67
19516000,Mr. Frank L. 'Frank' Supercinski,66
00783715,Mr. Sean Edward Breen,66
00788306,Mr. Ronald Rodriguez,66
18532200,Mr. Alwin A. 'Al' Smith,66
15254700,Mr. Rene O. Oliveira,66
09618950,Ms. Barbara A. Hilburn,66
11393410,Mr. Neal David Kieval,65
24008169,Mr. Mark Ryan Trachtenberg,65
00797504,Mr. Jonathan Scott Stoger,65
16008850,Mr. James A. Pikl,65
24040744,Mr. Don Wayne Cruse Jr.,65
11843700,Mr. Kenneth John 'Kenneth' Lambert,65
00792771,Ms. Dionne Susan Press,64
03565600,Mr. Daniel H. 'Dan' Byrne,64
11101300,Mr. Don Karotkin,64
24055658,Mr. Alexis Enrique 'Alex' Hernandez,64
24032953,Ms. Amanda Eileen Staine Peterson,64
19456800,Mr. Lorin M. Subar,64
19844300,Mr. Bruce K. Thomas,63
00784633,Ms. Tracy J. Willi,63
00794092,Ms. Heather Leah 'Heather' King,63
06157500,Mr. Claude E. Ducloux,63
24008053,Ms. Kelli Lynn Smith,63
01160300,Ms. Jessie Alliene Amos,63
17642000,Mr. Ted L. Sansom,63
05770585,Ms. Elizabeth  L. Derieux,62
07765300,Mr. David B. Gaultney,62
00792999,Mr. Todd Steven Dudley,62
17516800,Mr. S. Anthony 'Tony' Safi,62
24074105,Ms. Cassie Jordan 'Cassie J. Dallas' Dallas,61
24070947,Mr. Brian James Newman,61
20155300,Mr. David Duval Towler III,61
05655566,Mr. Denis Dennis,61
24007807,Mr. Nicholas Arthur Parma,61
11572040,Mr. Joseph W. Kline,60
24036562,Ms. Susan S. Vance,60
00787896,Mr. Gregory Joseph Lensing,60
24048179,Mr. Richard Keith Oliver,60
02438900,Ms. Amy R. Blalock,59
24004685,Ms. Cori Ann 'Cori' Harbour-Valdez,59
24002504,Mr. David J. Lumber,59
09887175,Ms. Mary Jo Holloway,59
20496250,Mr. Gilbert Vara Jr.,59
00785492,Mr. Gonzalo P. Rios Jr.,58
24055462,Mr. Gregory Alan 'Greg' Eyster,58
21272900,Mr. Scott A. 'Scott' Whisler,58
24027676,Ms. Hilaree Ann Casada,58
13144910,Ms. Karen L. Marvel,58
05557300,Ms. Veronica L. Davis,58
15851700,Mr. Anthony A. 'Tony' Petrocchi,58
16507500,Mr. Alberto M. 'Beto' Ramon,57
24092227,William Reece 'Rhys' Carson,57
12385200,Mr. Eric L. Lindstrom,57
12715200,Mr. Roland Scott 'Scott' Lyford,57
15319000,Mr. Wm Alfred Orr Jr.,57
04207500,Ms. Michele Barber Chimene,56
19712250,Ms. Leslie C. 'Leslie Copeland' Taylor,56
24059834,Mr. Anthony Todd 'Tony' Golz,56
09548200,Mr. Harry Herzog,56
05706800,Mr. Harry Wade 'Harry' Deckard,56
24041722,Mr. John Carlos Prezas,56
00793505,Mr. William Gerow 'Bill' Christian III,56
24012462,Mr. Matthew E. Coveler,56
16832460,Ms. Lisa Rice 'Lisa Rice Hulsey' Hulsey,55
24031778,Justice Justin Brett 'Brett' Busby,55
13354000,Mr. Dudley Davis 'Dudley' McCalla,55
08214300,Mr. John Alan 'John' Goren,55
06502455,Ms. Elana S. Einhorn,54
13584200,Mr. Michael E. 'Mike' McElroy,54
20508300,Ms. Julia E. Vaughan,54
24025279,Mr. Douglas Scott 'Scott Cain' Cain,54
00788407,Mr. N. West Short,54
15739010,Mr. L. Aron 'Aaron' Pena Jr.,54
08101000,Mr. Gerald Harris 'Gerry' Goldstein,54
00796913,Mr. Brett David Kutnick,54
24048238,Mr. Christopher Michael 'Chris' Eaton,53
24086378,Robert Lawrence Sirianni Jr.,53
00796825,Mr. Christopher L. 'Chris' Jensen,53
24034373,Ms. Kerrisa Joy Chelkowski,53
24045668,Mr. Joshua Scott 'Josh' Clover,53
00791107,Mr. Chip B. Lewis,53
21752750,Ms. Melissa Jane Winblood,53
24065015,Mr. Stephen Daniel Casey,52
00796464,Mr. Dean Andrew Diachin,52
24031603,Mr. Brian Patrick Lauten,52
24033667,Ms. Allyson Newton Ho,52
00788666,Ms. Elizabeth Ann Wiley,52
21392000,Mr. Michael J. 'Mike' Whitten,52
00788321,Ms. Jennifer Beldon 'Jenn' Rosenblatt,52
05430551,Ms. Sylvia Davidow,51
24070751,Mr. Maitreya Tomlinson,51
02942500,Mr. J. Mark Breeding,51
24037203,Ms. Shelby Leigh O'Brien,51
10605500,Mr. Charles M. Jefferson,50
03756700,Mr. Edward P. Cano,50
10772500,Mr. Millard A. Johnson,50
24006979,William Lance Cawthon,50
90001843,Mr. Richard Martin P. Canlas,50
24046090,Ms. Dawn Shree Holiday,50
24007953,Mr. Gino John Rossini,50
17736870,Justice David J. Schenck,50
24010094,Mr. Richard Clark Harrist,50
21885100,Ms. Cecilia M. Wood,50
24038768,Ms. Sharita W. Williams 'Sharita' Blacknall,49
00783669,Mr. Grant David Blaies,49
20415600,Mr. Jack Edward 'Jack' Urquhart,49
24005798,Mr. Steven Michael Denny,49
16827220,Mr. Charles E. Rice,49
24029703,Ms. Brandy R 'Brandy' Manning,49
18001850,Mr. Edwin J. 'Ed' Seilheimer,48
11683150,Mr. Andrew '"Gator"' Korn,48
21760600,Mr. Monroe Allen 'Mike' Windsor,48
08493500,Mr. Kevin Walter Grillo,48
24056746,Michelle Dishon Ferguson,48
00795861,Mr. Aaron Ray Clements,48
24050100,Ms. Alison Fox Dahlberg,48
24030761,Mr. Zachary Scott Maloney,48
10925500,Mr. Lindy D. Jones,48
24033434,Mr. Christian Jared 'Chris' Ward,48
24095824,Joshua Peter  Vanderslice,47
04057800,Mr. Kenneth Bruce Chaiken,47
20054500,Mr. Andy  Wade Tindel,47
00791362,Ms. Anna Meredith Baker,47
12750980,Mr. Bobby Scott 'Bob' Mabry,47
24050397,Mr. Joseph Carl 'Carl' Cecere,47
09280100,Mr. Steven Knowles Hayes,47
24032801,Mr. Leif Alexander Olson,47
05650800,Mr. Hector Deleon,47
00788670,Mr. Barry Conrad Willey,47
00788433,Mr. Coby Dean Smith,47
18067600,Justice Charles W. 'Charlie' Seymore,46
01732000,Mr. Wayne B. Barfield,46
04581950,Mr. Donald 'DON' Colleluori,46
00791575,Mr. Jonathan Jeffrey Ross,46
22266500,Mr. Jack B. Zimmermann,46
24076880,Mr. Michael Weston Morris,46
24078493,Farbod 'Farbod' Farnia,45
00796394,Mr. Scott S. Cooley,45
21907800,Mr. Theodore Lee Wood,45
17383000,Mr. Lane Eyer Rugeley,45
24037626,Mr. Alexander Shin 'Alex' Valdes,45
00794270,Mr. John Hatchett 'John' McFarland,45
18918400,Mr. W. Ross Spence,44
19645100,Mr. Kenneth Nolan Tarlton,44
24064888,Ms. Janice Lynn 'Janice' Berg,44
11786920,Ms. Samara Lackman Kline,44
24085059,Lauren Carol Dorsey 'Lauren' Murphree,44
24060025,Mr. Andrew Lee Johnson,44
24040830,Mr. Dylan Owen Drummond,44
07714300,Mr. Calvin Garvie,44
00787660,Mr. John Thomas 'John' Haughton,44
24032926,Mr. Henry John Paoli,44
24027592,Mr. Calvin Deshon Parks,44
10102727,Mr. Kenneth Wayne Howell,44
24073872,Mr. Nicholas Barrows Bacarisse,44
07818000,Ms. Terrie L. Sechrist,43
24062846,Ms. Veronica Teresa Lerma,43
11868300,Mr. Michael Lee 'Mike' Landrum,43
21433100,Mr. Paul Francis Wieneskie,42
24056717,Aimee Bolletino,42
18022500,Ms. Shirley A. Selz,42
24027198,Mr. Joshua Caine Anderson,42
07044000,Mr. Lawrence S. 'Larry' Fischman,42
22008050,Ms. Laura Lea Worsham,42
02192400,Mr. Roger A. Berger,42
14967990,Mr. William Arthur 'Bill' Newman,42
24025819,Mr. Milton Troy 'Troy Bollinger' Bollinger,42
24073913,Ms. Sara Berkeley  Churchin,42
17719860,Mr. Daniel L. 'Dan L. Schaap' Schaap,42
24031594,Mr. David Jefrie 'David' Mizgala,41
21655960,Mr. Rudolph Robert Willmann Jr.,41
24026795,Ms. Rebecca Elizabeth Ho 'Becki Bell-Stanton' Bell,41
21723500,Ms. Alexandra W. 'Alex Albright' Albright,41
24046288,Mr. Andrew Edward Lemanski,41
24036493,Mr. Christopher Arell Dorsey,41
00790883,Mr. Jeffrey A. 'Jeff' Hiller,40
00798274,Ms. Leslie Sara Hyman,40
24060015,Mr. Daron L. Janis,40
24084523,Joseph Robert 'Joe' Greenhill,40
24041363,Mr. Ronald Casey 'Casey' Low,40
16303800,Mr. Randall K. 'Randy' Price,40
24100660,Nina Lynn  Scherach,40
24037576,Mr. Marc Samuel Tabolsky,40
24032273,Ms. Kendyl Taylor Hanks,40
02667800,Ms. Leah M. Borg,40
11473400,Ms. Nadine R. King-Mays,40
00784770,Mr. Henry S. Platts Jr.,40
05713500,Mr. James O. 'Jim' Deegear III,39
13478500,Mr. Matthew T. 'Matt' McCracken,39
02797600,Mr. Michael C. Boyle,39
24003122,Mr. Justin McKenzie Waggoner,39
90001613,Mr. Clark Richards,39
00798082,Mr. Clarkson F. 'Clark' Brown,39
15771250,Mr. John A. Peralta,39
19713750,Ms. Mary Taylor Henderson,38
00793099,Mr. Robert H. Fugate,38
24062435,Shane Dennis 'Shane' Neldner,38
21321600,Mr. Ori Tucker White,38
12727500,Mr. Jeffrey Scott 'Jeff' Lynch,38
02503000,Mr. Michael A. Bloom,38
24002175,Mr. Scot Macdonald Graydon,38
04350090,Mr. Scott Monroe 'Scotty' Clearman,38
00796153,Mr. Ty Alan Bailey,38
03343200,Mr. William C. 'Charles' Bundren,37
24007818,Ms. Rosalyn Renee Tippett,37
11768560,Ms. Julia Leigh Dean,37
24051394,Ms. Bobbie Leigh Stratton,37
00793446,Ms. Tracy C. 'Tracy' Temple,37
00784910,Ms. Kimberly Ann 'Kim' Schaefer,37
24007027,Mr. David Andrew Colley,37
24012685,Mr. Jeremy Jason Gaston,37
04251050,Mr. Stephen A. Cihal,37
04091500,Mr. Brian M. Chandler,37
24051097,Mr. Michael Patrick 'Mike' Murphy,37
24090975,April Holly Ayers-Perez,37
24008614,Ms. Melissa D. Waden,37
10664800,Mr. Gary Martin Jewell,36
24027026,Ms. Jennifer Driscoll Jasper,36
24057033,Mr. David Jay Campbell,36
19447700,Ms. Elizabeth  Sturdivant 'Leza' Kerr,36
24031869,Ms. Dana Brooke Levy,36
24069601,Mr. Matthew James DeLuca,36
00798238,Mr. Lawrence Bradley 'Brad' Hancock,36
07898500,Mr. John Ralph Gilbert,36
24007347,Mr. Ryan Scott Henry,36
00790256,Mr. Bryan Lawrence 'Bryan Baker' Baker,35
24059921,Mr. Michael Andrew 'Mike' Heidler,35
24064140,Aaron C. 'Clay' Graham,35
24069426,Ms. Hannah C. Stroud,35
24077701,Nicholas David Stepp,35
13465500,Mr. Davis G. McCown,35
24012428,Mr. Elliot Clark,35
24047203,Mr. Joseph David 'Joe' Sibley IV,35
13967400,Mr. Edward L. 'Ed' Merritt,35
13913800,Mr. David H. Melasky,35
24075764,Mr. Jonathan Whitlock Wharton,34
00796744,Mr. James Stuart 'Jim' Hering,34
24050466,Ms. Christina Fontenot Crozier,34
24026888,Mr. James Martin Juranek Jr.,34
06318200,Mr. Patrick J. Dyer,34
24069976,Mr. Jeff Taylor Jackson,34
00789246,Ms. Tammy Marie Danberg-Farney,34
20184500,Mr. Christopher Joseph 'Chris' Tramonte,34
24033242,Mr. Shane John Stolarczyk,34
24061388,Ms. Brittany Lea 'Brittany' Scaramucci,34
15057500,Mr. George C. Noelke,34
24071537,Mr. Clinton Warren 'Clint' Twaddell III,34
24007385,Chastiti Nycole Horne,34
00789276,Ms. Christine Guerra 'Chris' Edwards,34
02752000,Mr. Bruce W. Bowman Jr.,34
00789274,Ms. Sandra Ann Eastwood,34
00789836,Mr. Edwin Todd Lipscomb,33
24037221,Mr. Christopher David 'Christopher' Osborn,33
18435600,Ms. Constance Y. 'Connie' Singleton,33
00785239,Ms. Deanna Lynn Whitley,33
00789203,Mr. Eric Charles Carcerano,33
00784375,Mr. Mark Alan Keene,33
24049077,Ms. Sarah E. Roland,33
24069040,Timothy Adam Robinson,33
02967025,Mr. Travis Rex Brewer,33
24043430,Ms. Chantal Melissa Eldridge,33
24069702,Ms. April Lynn Ward Farris,33
09319000,Mr. Fred C. Head,33
22290465,Mr. Todd Jeffrey 'Todd' Zucker,32
16115400,Mr. Aaron Mark Pool,32
24032740,Ms. Velia Judith Meza,32
00797202,Ms. Meredith Bishop Parenti,32
00788101,Mr. Brett Lee Myers,32
00784444,Ms. Michelle  Sorokwasz Lanfear,32
03059100,Ms. Linda Broocks,32
04744660,Mr. Randall J. 'Randy' Cook,32
07539400,Mr. Donald T. Fulton,32
24032838,Mr. Matthew Brian 'Matthew' Ploeger,32
24007642,Ms. Heather Bailey New,31
00794359,Mr. Christopher Mark Nelon,31
24086726,Lorna Leigh 'Lorna' McMillion,31
24040836,Ms. Adrienne Ann Dunn,31
09380928,Mr. G. David 'David' Heiman,31
16175300,Mr. Harry Grant Potter III,31
24075150,Mr. Kyle Timothy Therrian,31
24065628,Mr. Christopher Lee Lindsey,31
06413200,Justice Richard H. Edelman,31
02765500,Mr. Dan S. 'Dan' Boyd,31
24031980,Mr. Sean Reed Cox,31
24092827,John Stefan 'John' Merculief II,30
24085517,Jonathan Frank 'Jon' Parchman,30
01741300,Mr. Fred M. 'Fred' Barker,30
24012401,Ms. Daphne Lynette Session,30
00788042,Mr. William Leonard 'Bill' Mennucci,30
24035844,Ms. Lindsay Owen Williams,30
24005122,Mr. Alexander B. 'Alex' Wathen,30
16874500,Mr. Kenneth A. Richey,30
04241500,Mr. Joseph G. 'Joe' Chumlea,30
00792259,Ms. Kamilla Lane Stokes,30
03888500,Mr. Kenneth E. 'Ken' Carroll,30
04423000,Mr. Richard D. 'I' Coan,30
22285050,Mr. Michael John ZomcIk,30
24046046,Ms. Amy Pharr Hefley,30
16741300,Mr. Robert E. Reich,30
07806950,Mr. Timothy Russell George,30
08908480,Mr. Mark A. 'Mark' Haney,30
24008022,Mr. William Brent 'Brent' Shellhorse,29
24056813,Mr. Eric Steven Labovitz,29
24062749,Mr. William Joseph 'Joe' Gonyea Jr.,29
00798400,Ms. Angela Marie 'Angela' Nolan,29
13183750,Ms. Mary F. Masterson,29
06580700,Mr. Richard L. 'Richard Ellison' Ellison,29
18004800,Mr. Steven 'Steve' Selby,29
24055379,Mr. Joshua Paul 'Josh' Davis,29
00784047,Mr. Donald Allan Ferrill,29
00796325,Mr. Lance Eric Caughfield,29
20190670,Ms. Sherrie Haussner Travers,29
22100350,Ms. Penny Wymyczak-White,29
12086200,Mr. Raymond K. 'Ray Leach' Leach,29
24002999,Mr. Howard Lynn 'Howard Steele' Steele Jr.,29
19834200,Mr. Lee Douglas Thibodeaux,29
00793247,Mr. Hylmar Scott 'Scott' Alexander,29
24028272,Mr. Edmund Milton 'Skip' Davis,29
24073674,Ms. Megan Wren Chalifoux,29
24053478,Ms. Andrea Ren'ee Simmons,29
00789170,Mr. Grant Hugh 'Grant' Brenna,29
24045423,Mr. Adam Warren Aston,28
01842440,Mr. Bennett S. Bartlett,28
24007164,Andrea Meshonn Evans 'Shonn' Brown,28
24042264,Mr. Derek Lee Montgomery,28
00791058,Mr. Lance A. Kutnick,28
09885000,Mr. Gordon A. Holloway,28
09587100,Mr. Boris A. Hidalgo,28
24061134,Stephen Michael Orsinger,28
17532080,Mr. Travis James Sales,27
24036174,Mr. Terry Wesley 'Ty' Baker,27
24077532,John Torrey Hunter,27
19910975,Mr. Grady Ross Thompson,27
24078869,Jonathan Mark Little,27
24060966,Mr. Jeffrey Robert Newberry,27
24060397,Mr. Allen Ryan 'Ryan' Paulsen,27
24043892,Mr. Marc Edward Rietvelt,27
11767200,Mr. Curtis J. Kurhajec,27
24050737,Ms. Mary H. Barkley,27
24085685,Adam Logan Arrington,27
24076745,Mr. Felix Valenzuela,27
24076617,Tyler Whitney Pennington,27
16066030,Mr. David L. Plaut,27
03033100,Mr. J. Morgan Broaddus III,26
11937450,Ms. Cynthia L. Lanning,26
00791924,Mr. Robert C. 'Bob' Wiegand,26
19390600,Ms. Edith Strickland 'Edie Kohutek' Kohutek,26
24042936,Ms. Amanda Thressa Erwin,26
00793302,Mr. James Hans Barcus,26
24044849,Mr. Christopher Stephen 'Chris' Johns,26
03408000,Mr. Daniel 'Dan' Burkeen,26
24071117,Ms. Natasha Nisttahuz 'Tasha' Taylor,26
00793641,Mr. Dennis Jean Drouillard,26
16107600,Ms. Andrea Carol Polunsky,26
24006668,Ms. Deborah D. Reeves,26
24074341,Ms. Constance Kay 'Connie' Hall,26
24062970,Ms. Jane Langdell Robinson,26
18171000,Mr. Otis C. Shearer III,26
24032175,Ms. Charlotte Ann Fields,26
24003728,Ms. Sondrea Joy King,26
13782650,Mr. Daniel Prescott 'Daniel' McManus,26
00791117,Mr. Timothy S. Linden,25
19089450,Mr. Nathan A. Steadman,25
24041694,Mr. Aaron Michael Pier,25
24089110,Mr. Paul Michael Leopold,25
00790698,Mr. Kenneth B. Florence,25
11570500,Mr. Edward 'Ed' Kliewer III,25
00793423,Mr. Bradford Eugene Bullock,25
12211200,Mr. Tim S. Leonard,25
24090123,Koroush 'K.C.' Ghanean,25
24002777,Ms. Melanie D. Plowman,25
24027175,Ms. Marilyn Denise Smith 'Deni' Garcia,25
00791867,Mr. Charles Patrick 'Patrick' Waites,25
24074568,Mr. James Joseph LaMarca,25
17602100,Mr. Pannal Alan 'Alan' Sanders,25
24050379,Mr. Joshua William 'Josh' Carden,25
14869300,Mr. Ronald Bradford 'Brad Neighbor' Neighbor,25
15774000,Mr. Jim M. Perdue,25
11260700,Mr. Joe 'Joe' Kendall,25
24066063,Mr. Matthew Wayne 'Matt' Sherwood,25
24043294,Mr. Alex L. 'Alex' Davis III,25
24086348,Steven Robert 'Steve' Samples,25
00787581,Mr. Jeffrey C. Grass,25
16948030,Mr. Matthew E. 'Matt' Ritchie,25
24043687,Mr. David William Ghisalbert,25
00784961,Ms. Kathryn L. Shilling,24
03427300,Ms. Janet 'Janet' Burnett,24
17836900,Ms. Cheryl Ann Schultz,24
11795410,Mr. R. Matt Lair,24
06667500,Mr. Richard D. Esper,24
02841770,Mr. Douglas W. 'Doug' Brady,24
50511187,Ms. Hilary Ruth Sheard,24
24063871,Michelle Rose Meriam,24
24049979,Ms. Melissa Korene Swan,24
17385600,Mr. Adolfo Ruiz,24
24012932,Mr. Jeffrey Jason Jowers,24
00787421,Ms. Amy Eikel,24
00784443,Mr. Daniel Webb Lanfear,24
24046487,Heather Morrow 'Heather' Lytle,24
00796872,Ms. Meredith Lea Kennedy,24
00793461,Ms. Maria T Cantu Hexsel,24
14759400,Mr. David C. Myers,24
24014084,Mr. Norman Ray Giles,24
24039988,Ms. Sandra Kay Watson 'Sandy Wilson' Wilson,24
24051618,Ms. Caroline C. 'Carrie' Schadle,24
24008466,Ms. Sonia M. Rodriguez,23
24028268,Ms. Jennifer Heather Davidow,23
24000188,Mr. Adrian Castillo,23
24038904,Ms. Deborah Colleen Simmons 'Deborah' Riherd,23
24059696,Mr. Jason Andrew Duff,23
20301700,Mr. Richard Ellis 'Richard' Turkel,23
00792491,Mr. David Jerome Eveld,23
00787440,Mr. Benjamin A. Escobar Jr.,23
17013775,Mr. Mark Edward Roberts,23
19034350,Mr. William B. 'Bruce' Stanfill,23
00787881,Ms. Monica Wiseman 'Monica' Latin,23
20240700,Mr. William Stacy 'Stacy' Trotter,23
00798416,Ms. Helene Gay 'Helene' Parker,23
24034488,Mr. Kirby Deloach Hopkins,23
24060365,Mr. Francisco J. Ortega,23
24051839,Robert Edward 'Bob' McKnight Jr.,22
20190650,Mr. Mack J. Travers,22
00791242,Mr. John Glenn Meazell,22
09833450,Ms. Terri Tipton Holder,22
00789033,Mr. Harry Paul 'Hap' Weitzel,22
00788384,Mr. Richard John 'Dickie' Segura Jr.,22
03783450,Ms. Kathleen P. 'Kay McCartan' McCartan,22
20541700,Mr. Paul C. Velte IV,22
07295500,Mr. Ross T. Foster,22
24013561,Mr. Hubert Ray 'Bert' Steinmann,22
24065233,Mr. Justin Allen Fischer,22
24062991,Ms. Harmony Mary Hill Schuerman,22
00795392,Ms. Sue Ann Gregory,22
24037207,Mr. Melvin Keith Ogle,22
21190320,Mr. Stewart R. Werner,22
11216840,Mr. Charles Timothy Kelly,22
24043829,Mr. Malcolm Miranda,22
24070651,Mr. Brett David Solberg,22
24046624,Ms. Kennon Lathem Wooten,22
24059741,Mr. Kenneth Bruce Fenelon,22
09529600,Mr. Alfred R. Herrera,22
24010153,Ms. Stacy L. Kelly,22
24072295,Ms. Lindsey Marie Rames,22
00784591,Mr. Randall Lewis Meredith,22
24077883,Briana Marie Webb,22
00795100,Ms. Jennifer Lane 'Jennifer' Taylor,22
24007574,Jeffrey Scott Lowenstein,22
19554625,Mr. David Lance 'David' Swanson,21
00798332,Mr. Vincent Ka-Lin Lo,21
24067554,Mr. Craig William Cosper,21
24074269,Mr. Benjamin Allen 'Ben' Geslison,21
04970300,Mr. Michael J. 'Mike' Craddock,21
13993850,Mr. M. Michael 'Mike' Meyer,21
24088223,Mr. Bobby Lynn Phillips,21
05898300,Mr. Rick Disney,21
24028186,Ms. Rachel Varughese Morales,21
00795443,Mr. Timothy Wayne 'Tim' Inman,21
00797689,Mr. Andrew Dylan 'Dylan' Wood,21
20578100,Ms. Dorothea Lee 'Dotty' Vidal,21
09053000,Mr. Brantly Harris,21
24002438,Ms. Felicia Louise Harris,21
00790650,Mr. Joseph Adrian Esparza,21
00798480,Ms. Elizabeth Ann 'Liz' Scott,21
00793519,Mr. Evan Ray Clift,21
02050700,Mr. Eric G. Behrens,21
14916900,Mr. Earl S. Nesbitt,21
24050169,Mr. Dustin Mark Howell,21
00874900,Ms. Rebecca Adams 'Becca' Cavner,20
24056935,Mr. Damian Castillo,20
00786243,Ms. April Lavonda Smith,20
24056551,Ms. Sara Elizabeth Janes,20
24069024,Mr. Garrett Andrew Gibson,20
24047013,Ms. Elissa Underwood  Marek ,20
24027894,Ms. Starla Studer Jones,20
01520050,Mr. Daryl W. Bailey,20
24078303,Kristina Marie Williams,20
00794258,Mr. Stephen Edward McCleery,20
00796582,Ms. Kelley Jewell Friedman,20
24055663,Ms. Nicole Marie Hilburn,20
24003025,Mr. James Jude Sullivan,20
24041274,Ms. Dori Kornfeld Goldman,20
17818000,Mr. William L. Schroeder,20
02369000,Mr. C. Michael 'Michael' Black,20
24000121,Mr. Arlis Avery 'Avery' McDaniel,20
01356850,Mr. Paul Isaac Aronowitz,20
24005135,Mr. Joseph Kelly Watts,20
00784555,Mr. Scott Masur McElhaney,20
12630000,Mr. Michael Lowenberg,20
11795430,Ms. Stephanie Laird 'Stephanie Tolson' Tolson,20
00788126,Mr. Rand Patrick Nolen,19
24037315,Mr. Rolando 'Roland' Quintana,19
06138300,Mr. Paul A. Drummond,19
11762675,Ms. Grace Gerhart Kunde,19
19687925,Ms. Deborah G. Essig Taylor,19
19491800,Mr. Thomas Sullivan,19
24046274,Ms. Liberty Dawn Lay,19
00789115,Mr. Thomas Stefan Allen,19
24050381,Mr. Cory Lee Carlyle,19
00791608,Mr. Gary N. Schepps,19
24057022,Ms. Emily Ryan Jolly,19
09567450,Ms. Kelcie Augusta Hibbs,19
03847500,Mr. Otha Tyrone Carpenter,19
24069666,Ms. Emily Ruth Edwards,19
16674550,Mr. Damon Lynn 'Damon' Reed,19
24051110,Ms. Jennifer Lyn Lovelace,19
90001241,Mr. Jose M. Portela,19
24066668,Peter Carl Hansen,19
16245850,Mr. Henry W. 'Hank Prejean' Prejean Jr.,19
07827700,Ms. Ellen Gerson Tagtmeier,19
22010200,Mr. Stayton L. 'Stayton Worthington' Worthington,19
17876960,Mr. Edward Schweninger,19
08085700,Mr. Thomas Kevin 'Kevin' Golden,19
24047367,Mr. Michael Brammer 'Michael' Knisely,19
24045439,Mr. Kenneth Eric Baker,19
11546600,Ms. Lisa Renee Kivett,18
08644410,Mr. Ronald  S. Gutierrez,18
00792016,Mr. Lee Keller 'Lee' King,18
24046658,Mr. Craig James Pritzlaff,18
11770575,Mr. Marc Evan Kutner,18
15875000,Mr. Jack Pew Jr.,18
24065032,Mr. Christopher Kishor Chapaneri,18
24086267,Sarah Anne 'Sarah Anne' Lishman,18
24055673,Ms. Yvonne Y. 'Yvonne' Ho,18
12762900,Mr. Scott William Maclaren,18
24070017,Ms. Christin Jeffrey Jones,18
20138000,Mr. Edward S. Topek,18
24003132,Ms. Pamela Renia Walker,18
13922100,Ms. Beverly Daphene Melontree,18
90001299,Ms. Abigail L. 'Abby' Keenan,18
24046754,Mr. Joshua Abraham 'Josh' Romero,18
11671300,Mr. Paul Matthew Koning,18
24008009,Mr. Daniel David 'Dan' Semanek,18
24001044,Ms. Kristina Kimberlee 'Kristina Laurel Hale' Laurel,18
24027764,Mr. David Denton 'David' Rapp,18
00785957,Mr. David Philip Herrick,18
24057887,Mr. Andrew L. 'Drew' Harris,18
24049081,Mr. David Christopher 'Chris' Hesse,18
24012196,Mr. Michael Philip Aigen,18
00785611,Ms. Jennifer Horan 'Jennifer' Greer,18
01268200,Mr. Thomas K. Anson,18
00785013,Mr. Jose Ricardo Soliz,18
24029698,Mrs. Donna 'Donna' Broom,18
24070832,Mr. Mikell Alan 'Mike' West,18
10019300,Mr. H. Hollis Horton III,18
08390000,Mr. Roger Bruce Greenberg,18
12903700,Mr. Glen D. Mangum,18
24094595,Cole Benjamin  Combs,18
24025300,Mr. Christopher Dean Collins,18
24059477,Mr. Casey Thompson Boyd,17
24045860,Mr. Michael Staats Falkenberg,17
24065890,Mr. Donald Norman 'Don' Payne,17
24012766,Ms. Laura Lee Haley,17
24063781,Mr. Joshua Zientek,17
15109500,Mr. James D. Norvell,17
24067911,Mr. Brian James Trenz,17
24080659,Paul James 'Paul' Downey,17
09050850,Ms. Amelia Susan 'Amy' Harris,17
24075632,Nolan Duane Smith,17
03925990,Ms. Lynn E. Carter,17
24037079,Ms. Mary Evelyn 'Mary Evelyn' McNamara,17
15241730,Mr. Kemnagum  Ken Okorie,17
09835900,Ms. Jacalyn Ann 'Jackie' Hollabaugh,17
24025600,Ms. Elizabeth M. Provencio,17
24013081,Mr. Edward  Frederick Maddox,17
24055667,Mr. Mark Andrew Hines,17
24001791,Ms. Marla Diane Broaddus,17
10578200,Mr. J. Lee 'Lee Jarrard' Jarrard Jr.,17
00797780,Mr. Todd Alan Ward,17
24076105,Susannah Elizabeth Prucka,17
24079357,Jenny Lee Smith,17
24036580,Ms. Amie Pina Fordan,17
24039908,Ms. Alison Marie Hicks,17
24013003,Ms. Erika Maria Laremont,17
24046894,Mr. Levi Lebu Spriggs,17
00787627,Mr. Ronald Milton Hall,16
11757500,Mr. Michael Kuhn,16
24072789,Christopher Jacob 'Chris' Ainsworth,16
24078726,Mr. Craig McCam Jacobs,16
24040214,Mr. George Alan 'Alan' Steele,16
24053549,Mr. Bruce Ramsey Wilkin,16
24046191,Ms. Leann Kay Rafferty,16
11672850,Ms. Charlene Cantrell 'Charlene' Koonce,16
04334500,Ms. Susan Kelley Claybrook,16
24036969,Mr. Scott Edward Lindsey,16
24036046,Ms. Brittani Wilmore Rollen,16
21332700,Mr. Todd W. White,16
16287480,Mr. I. Richard 'Richard' Price,16
24041927,Mr. Joshua Alan Skinner,16
06755450,Ms. J. Darlene Ewing,16
20434850,Mr. Michael D. 'mike' Valicek,16
00798491,Mr. Curtis Hastings 'Curt' Schwake,16
24031878,Ms. Vickie Lynn Stephens 'Vickie' Brandt,16
24038922,Mr. Shawn Christopher Golden,16
24012657,Mr. Scott Alan Fredricks,16
00796252,Mr. Darin Lee Brooks,16
00788220,Mr. Justin Joseph Presnal,16
24097432,Nicholas Mario 'Nick' Bruno,16
07007300,Ms. Carolyn Findley Price,16
03437400,Ms. Laura H. Burney,16
04381350,Mr. Paul Raymond Clevenger,16
24081360,John Michael Bray,16
17871550,Mr. Kurt A. Schwarz,16
24066071,Ms. Nicole Short Bishop,16
02015740,Mr. Keith D. Becker,16
24092804,Mr. Owen Joseph McGovern,16
04793500,Ms. Elizabeth L. 'Lindy' Borchardt,16
24078284,Bryan Thomas Bufkin,15
08203900,Mr. Philip S. 'Phil' Gordon,15
24068687,Mr. Michael Jason Kawalek,15
24050718,Mr. Casey Hugh Hargroder,15
11358050,Mr. Charles L. 'Charles' Kessie,15
24027513,Ms. Allyson Louise Mihalick,15
24048646,Derric Scott McFarland,15
00796044,Ms. Darla McLeroy,15
24028267,Mr. Daniel 'Danny' David,15
08684500,Mr. Kerry Carl Hagan,15
24037561,Mr. Aaron Michael 'Aaron' Streett,15
24052664,Mr. Carlo D'Angelo,15
20246000,Mr. John E. Trube,15
24070453,Mr. Jeffrey Robert Pruitt,15
24052034,Mr. John Cameron Stevenson,15
24026777,Ms. Jenifer Lynn Olin 'Jenifer' Grace,15
24004891,Ms. Kari Lynn Robinson,15
24066318,Mr. Andrew Farish 'ANDREW' York,15
24034418,Mr. Angus Joseph 'Joe' Dodson,15
13716750,Mr. Andrew T. McKinney III,15
24037121,Ms. Claire Monsman Petty,15
00829945,Mr. Gregory K. Ackels,15
08769320,Mr. Randy J. Hall,15
24025861,Mr. Dominic  C. 'Nick' Audino,14
00785305,Mr. Epimenio Ysassi,14
00790748,Ms. Ann Marie 'Ana' Jordan,14
00791938,Mr. Timothy Lee Williams,14
24072478,James Curtis Hatchitt,14
24070027,Mr. Gavin Burke Justiss,14
21356550,Justice William G. 'Bill' Whitehill,14
24077351,Eric Ryan Erlandson,14
24103136,Jason 'Jason' LaFond,14
24088027,Amber Lynne McKeon-Mueller,14
00788730,Ms. Shira R. Yoshor,14
24006989,Mr. Eric Paul Chenoweth,14
05857050,Mr. Frederick Thomas 'Fred' Dietrich,14
00797924,Ms. Helen Dryden 'Helen' O'Conor,14
16756700,Mr. Leland A. Reinhard,14
24059816,Mr. Daniel Luke Geyser,14
00790424,Ms. Meloney Cargil Perry,14
24095303,Jessica Shaye 'Jessi' Freud,14
24068195,Mr. Andrew Taylor Erwin,14
24031809,Mr. Jaime Iran Aldape,14
09628400,Mr. Donald W. Hill,14
24059754,Mr. Sean Patrick Flammer,14
12851420,Mr. Francis B. Majorie,14
14591900,Mr. Stephen Jon 'Chief Judge' Moss,14
19909600,Ms. Elizabeth Thompson,14
24062673,Ms. Susan Jeanne Lader Contreras,14
24047206,Mr. Robert 'Rob' Hamilton,14
24027401,Ms. Karen Ann Brown 'Karen Monsen' Monsen,14
24007151,Mr. William David Ellerman,14
24050956,Mr. William Cade 'Cade' Lovelace,14
24033150,Mr. Jason Michael Ryan,13
00796151,Mr. Clayton Edward Bailey,13
00796407,Mr. Carlos Raul Cortez,13
24041443,Ms. Melinda McGehee 'Mindy' Riseden,13
24046959,Ms. Tiffany Nicole McWilliams,13
24048459,Traci Lynn Evans,13
00786989,Mr. Matthew Jason Ankele,13
11111500,Mr. Albert H. 'Al' Kauffman,13
24060707,Mr. Jack George Breffney Ternan,13
24066770,Ms. Sarah Kerr Fox,13
24048362,Debra Lynn Bradberry,13
24040581,Mr. Paul Jason 'Jason' Brower,13
00787012,Mr. Richard E. 'Rich' Aubin,13
24046515,Ms. Maria Cristina Erend 'Cristina' Nelson,13
24006894,Ms. Ruth Ann 'Ruth' Brenton,13
00793428,Ms. Christine E. Burgess,13
24092522,Ms. Sarah Hirsch  Joyce ,13
24044940,Ms. Brandi K. Stokes,13
24012513,Mr. Jonathan Charles Day,13
24099540,Ms. Tara Christine Gough,13
24047272,Mr. Scott Reynolds Stillson,13
00787564,Mr. Rinaldo J. Gonzalez,13
24059400,Ms. Alison Rae Ashmore,13
00796472,Ms. Leslie Wood Dippel,13
24060115,Mr. Kent Davis Krabill,13
01654700,Mr. Robert S. Ballentine,13
24064370,Tate Louis Hemingson,13
24043460,Mr. Noe M Reyes,13
05460000,Mr. Bill A. Davis,12
19679450,Mr. David Ross Noel Taubenfeld,12
01649500,Mr. Stephen P. 'Steve' Ballantyne,12
10149860,Mr. Douglas R. Hudman,12
24052109,Ms. Stacy Rogers 'Stacy' Sharp,12
24043007,Mr. Rory M Ryan,12
00790003,Mr. Michael Lyn 'Mike' Gregory,12
24065545,Ms. Heather Elizabeth Keegan,12
24065238,Mr. Matthew James Foerster,12
24064830,Mr. Christopher Vincent 'Chris' Arisco,12
24089245,Ms. Ashley Rae Steele,12
15975030,Mr. Paul Wayne Pickering,12
24031788,Mr. Matthew William Caligur,12
06886600,Mr. Arthur Samuel Feldman,12
21193250,Mr. Jerome William 'Jerry' Wesevich,12
24044710,Mr. Philip Barr Arnold,12
24055865,Ms. Heather Lynn Long,12
24043747,Mr. Ian R. 'Ian' Kaplan,12
21617150,Ms. Che Dawn 'Che' Williamson,12
24049812,Capt. Kevin C. Loudon,12
00794256,Mr. Donald McCarthy,12
24058364,Shannon Leigh 'Leigh' Love,12
24032785,Ms. Barbara Sally Ann Nicholas,12
24079195,Marion Magdalene Reilly,12
24037170,Ms. Gretchen Neusel Scardino,12
24054950,Mr. James Vincent Leito IV,12
00796532,Ms. Misty Ann Farris,12
24031578,Mr. Bryan K. 'BRYAN' Savoy,12
00784084,Ms. Elizabeth F. 'Liz' Savage,12
24027376,Mr. Paul William 'Paul' O'Finan,12
24088355,Kevin Robert Sauer,12
24041325,Mr. Scott Fredrick 'S. F. Cactus' Lemanski,12
24055631,Mr. Kelly Clinton Hartmann,11
24078563,Stephen Sullivan Gilstrap,11
18133700,Mr. Steven R. Shattuck,11
11769100,Mr. Christopher Louis Kurzner,11
06411500,Mr. Tod B. Edel,11
01488000,Ms. Shirley Baccus-Lobel,11
24088555,Elizabeth Francine Turco,11
00787446,Mr. Kirk W. Evans,11
24010709,Mr. Jeffery Harold Rusthoven,11
00787380,Mr. Steve Charles 'Steve' Dollinger,11
09234150,Mr. Anthony S. Haughton,11
13895930,Mr. Frederick Linton 'Lin' Medlin,11
24092371,Madeleine Rose 'Maddy' Dwertman,11
21672500,Mr. David Keith Wilson,11
24045775,Mr. Christian Stephen Dennie,11
24070776,Mr. Michael Wayne Twomey,11
08532980,Mr. Jay Nelkin Gross,11
24070495,Ms. Christina Diane Richardson,11
24070953,Carah-Beth Bass,11
24090464,Andrew Augustus Whitlock III,11
24040404,Mr. Jes 'Jes' Alexander,11
24051733,Mr. David Ryan Herring 'David' Iglesias,11
00792024,Mr. Scott English Stevens,11
03592900,Mr. Colin Paul Cahoon,11
24060779,Mr. Joseph Eric Virene,11
24079007,Natalie Ann Anderson ,11
20414130,Mr. Michael J. Urbis,11
24077823,Loren Michael 'Loren' Collins,11
00792038,Mr. John Michael Orton,11
24087859,Elizabeth Rose Kopecki,11
24085473,Aaron Bayliss 'Aaron' Michelsohn,11
24041031,Ms. Leslee Nicole Haas,11
24069627,Mr. Cleve Weston Doty,11
24031731,Mr. Nathan Nathaniel Beedle,11
06218900,Mr. Robert D. Duncan,11
24093084,Mr. John Tyler Runde,11
24060081,Ms. Megan Ann Kemp,11
14523200,Ms. Marci Morrison,11
24036601,Ms. Emily Susannah Frost,11
24077192,Paul Matthew Morgan,11
24081041,Charles Bernard 'Chuck Meyer' Meyer,11
24092542,Zachary Jacob Howe,10
00797027,Mr. Steven Lee McBride,10
24043797,Ms. Megan M. Neal,10
24065415,Mr. John Dennis 'Dennis' Hester,10
24013122,Mr. Sean Joseph McCaffity,10
02237000,Mr. John M. Berry,10
00787538,Mr. Spencer R. Giles,10
11296800,Ms. Reba Bennett Kennedy,10
24056287,Mr. James Caleb 'Jim' Scott,10
24033592,Ms. Anjali Nigam,10
18370890,Justice Rebecca Simmons,10
24010185,Ms. Mabel Lee-Lo,10
12424230,Mr. John J. Little,10
24071102,Mr. Matthew Alexander 'Matt' Knox,10
00791189,Mr. Arturo Martinez,10
24056146,Mr. Adam Lindsay Plumbley,10
24074960,Mr. Michael James Ritter,10
24033384,Mr. Joel Lance Thollander,10
24007867,Mr. Jason Michael Powers,10
24047415,Mr. Michael Patrick McShan,10
00788794,Mr. Robert James 'Rob' Carty Jr.,10
24079867,Ms. Henna Ghafoor,10
00795003,Ms. Christina O'Neil,10
14839200,Mr. Mark H. Neal,10
24036604,Mr. John R.W. Fugitt,10
21041600,Mr. Joseph P. 'Joe' Webber,10
24028463,Mr. Kai Peter Hecker,10
24046260,Ms. Lori Elaine Hall 'Lori Elaine Laird' Laird,10
17853600,Mr. James L. 'Jim' Schutza,10
13388500,Mr. Stephen W. 'Stephen' McClain,10
00790254,Mr. Bruce David Bain,10
11256400,Mr. Robert F. 'Bob' Kemp,10
18685875,Mr. Stewart Kelvin Smith,10
11094350,Hon. Jeff Kaplan,10
24012444,Mr. Kenneth Ryan Cole,10
24046314,Mr. Wesley Graham 'Wes' Lotz,10
00784038,Mr. Jay Kevin Farwell,10
01977800,Mr. Russell (Rusty) C. 'Rusty' Beard,10
00797883,Ms. Terri R. Zimmermann,10
00797693,Mr. Martin Darren Woodward,9
16669900,Mr. John Frederick 'Eric' Redwine,9
24074768,Ms. Terah Jean Moxley,9
21665450,Mr. Larry W. Wilshire,9
00794029,Mr. Billy Bruce 'Bruce' Johnson Jr.,9
24074852,Mr. Jimmy Eric 'Eric' Pardue,9
00786219,Mr. J. A. 'Joe' Salinas III,9
00794589,Mr. Thomas E. Sanders,9
24088501,Tyler Bass Talbert,9
00787128,Ms. Sarah Katherine Brandon,9
20121000,Ms. Denise P. Tomlinson,9
00788441,Mr. Joel  Pate Smyer,9
24078395,Philip William Danaher,9
16832465,Mr. Michael Lyn 'Mike' Rice,9
09994600,Mr. James Louis 'Jim' Hordern Jr.,9
24071034,Ms. Alison Paige Porterfield,9
24080453,Christopher Robert Joseph Hillis,9
00796507,Mr. Stephen Bender Edmundson,9
20559960,Mr. Robert Crist 'Crist' Vial,9
24029709,Mr. Paul Holmes Masters,9
24085441,Michelle Marie Lubbert,9
24003663,Mr. Melroy 'Mel' Koehler,9
16373750,Ms. Susan Ashley,9
24051699,Philip Avery Vickers,9
21004800,Ms. Amy Jeanne Welton,9
00795319,Mr. Jeffrey Nolan Diamant,9
24004680,Ms. Melodee Laine Gruber,9
24045655,Christopher Michael Choate,9
24092450,Elizabeth Fitzgerald Griffin,9
24008269,Bridgit Ann 'Bridgit' White,9
24087818,Rachel Marie Felderhoff Jordan,9
24068471,Andrew Ryan Stubblefield,9
18403080,Mr. Jim B. Simpson,9
24056522,Mr. Robert Allen Whitley,9
24071942,Ms. Elizabeth Diane 'Lizz' Alvarez,9
24059215,Ms. Danielle VanDuker Ahlrich,9
00784740,Justice Robert Harrison 'Bob' Pemberton,8
24080720,Shane Andrew 'Shane' Pennington,8
24045767,Ms. Jennifer Avalon Whit Decurtis,8
24038074,Mr. Michael Warren Stockham,8
01763200,Ms. Constance O. Barnes,8
24002873,Ms. Rebecca  Ellen 'Rebecca' RuBane,8
24078803,Mr. Bernie Ross Kray,8
24006848,Mr. Joel Bruce Bishop,8
24059591,Mr. Jeremy Heath Coffman,8
00795086,Mr. David A. Jones,8
24064321,Mr. Ryan Michael Marquez,8
24081192,Reagan Kim Vernon,8
00795341,Ms. Kara Pratt,8
10800000,Mr. Travis Dean Johnson,8
24051230,Ms. Kimberly Renee Rankin,8
00787333,Ms. Diana Lynn Hoover,8
20621450,Ms. Karen R. Vowell,8
24072544,Mr. Bradley Ryan 'Ryan' Fellman,8
24047282,Ms. Lisa Kaye Hooper,8
24040703,Ms. Caroline Clinton Batten,8
14555300,Mr. Bern A. Mortberg,8
00794787,Ms. Kathryn M. Veech,8
24012572,Mr. David Moore 'David' Eaker,8
00793366,Mr. Ryan Andrew Botkin,8
24046495,Mr. Adam Thomas 'Adam' Muery,8
19828500,Mr. Jon G. Thedford,8
24058096,Mr. Mazin A. Sbaiti,8
24082482,Jennifer Katta Chacko,8
00795787,Mr. Trang Q. '00795787' Tran,8
00785127,Mr. James Edward Turner,8
04849600,Mr. Michael John Cosentino,8
24105462,Justin Lewis  Bernstein,8
24045624,Emily Allison Quillen,8
00789675,Mr. William Michae 'Mike' Taylor,8
24046839,Mr. Christopher Allen Shuley,8
24042073,Mr. Jared Philip Tyler,8
24068415,Mr. Justin Aaron Smith,8
00797541,Mr. Scott Elwin Tatum,8
24011140,Mr. James Edward Lucas,8
24033192,Mr. Jerry Wayne Simoneaux JR,8
24045565,Mr. John Koetting Broussard JR,8
24060548,Mr. Richard David Salgado,8
02473050,Ms. Mara Asya Blatt,8
00792001,Ms. Kyle Guthrie 'Kyle' Thomas,8
08723200,Ms. Cynthia Rayfield-Aguilar,8
05745900,Mr. Daniel J. Davis,8
24027833,Mr. Dennis Michael Saumier,8
24077430,Ms. Eddrea Trashawnda McKnight,8
24089989,Shawn Daniel Blackburn,8
24072122,Ms. Lilia Kristina Castro,8
24079781,Mr. Anthony Frank Arguijo,8
24075830,Misty Lynn Gasiorowski,8
24085201,Vikash Madhusudan Bhakta,8
07226575,Ms. Barbara A. Ford,8
08710800,Ms. Julia Marie 'Julie' Palmer,8
90001629,Ms. Christy Eubanks Madden,7
24068079,Jerad Wayne 'Jerad' Najvar,7
21288100,Ms. Bonnie J. White,7
24067488,Ms. Sara Elizabeth Romine,7
00797356,Ms. Jody Lynn Rudman,7
24027932,Mr. Calvin Don 'Don' Clayton Jr.,7
24097533,Courtney Brooke Corbello,7
24079787,Mr. Jonathan Louis Chaltain,7
19139600,Mr. Mark William Steirer,7
24073843,Mr. William Woodward 'Will' Allensworth,7
24076372,Michael Martin 'Mike' Essmyer Jr.,7
16070500,Mr. Matthew G. Pletcher,7
24071159,Afton Roette Trevino,7
24051872,Rebekah Rae Syck,7
24046914,Ms. Katherine Hillary Ha 'Katie' Stepp,7
24062969,Ms. Tasha Tedrow Roberts,7
24037513,Mr. Gregory Wade Smith,7
24097837,Bao-Long Ngoc Hoang,7
00797096,Ms. Miryam Raaphorst Mitchell,7
24057365,Mr. Ellic Simon Sahualla III,7
02550550,Mr. Robert Barron 'Bob' Boemer,7
24073910,Ms. Lisa Anne Bennett,7
24077199,Adam Tabor Whitten,7
24053211,Ms. Pamela Denard 'Pam' French,7
24045938,Mr. Stuart Andrew 'Drew' Gibbs,7
00784610,Ms. Tomi Kay Mills 'Tomi' Repass,7
08059260,Mr. J. Matthew Goeller,7
24028995,Ms. Heather Lynn Peckham,7
03568000,Mr. James C. Byrom,7
03252500,Ms. Dawn Bruner Finlayson,7
00790227,Mr. Mayur  Harshad Amin,7
24078539,Brett Daniel Gardner,7
00785765,Mr. Ricky Edward Clark,7
24099889,Jaime Garcia,7
24032283,Mr. Travis Carey Headley,7
24043709,Ms. Allison Travers Hamilton,7
24079499,Jose Luis Valtzar,7
24046165,Mr. John Daniel 'Daniel' Johnson,7
00795714,Mr. Aaron D. Weinberg,7
15432200,Ms. Joyce M. Palmer,7
24001927,Ms. Margarita Manzano 'Margie' Corbett,7
24083892,Rebecca Luise 'Rebecca' Solomon,7
24074267,Ms. Meghan Elizabeth Hausler,7
90001832,Mr. John M. Parras,7
24082679,Brian Louis Benitez,7
24078954,Jacquelyn Diane McAnelly,7
10929420,Mr. Michael Francis Jones,7
24088786,Lauren Ashlee Williams,7
24012984,Mr. Richard Caple Kroger,7
17126000,Mr. Jerry Allen Rochelle,7
16801500,Mr. John T. Reynolds,7
24047261,Mr. Joshua Bennett Somers,7
24074465,Mr. Corey Shane Hyden,6
00798473,Ms. Kathleen Sheila Rose,6
24070380,Mr. Arif Panju,6
24015147,Ms. Mary Elizabeth 'Liz' Boyce,6
04840300,Mr. Clint Alexander 'Clint' Corrie,6
24087801,Alondra Geneva Johnson,6
24070224,Ms. Bronwyn Massey Scharar,6
24093623,Ms. Lisa Danielle Kinzer,6
05314000,Mr. Roland E. Dahlin II,6
24041695,Ms. Rocky Leann Pilgrim,6
24067758,Ms. Elizabeth Yvonne 'Liz' Ryan,6
24067976,Tristan Nicolas LeGrande,6
24088325,Taylor Renee 'Taylor Romero' Romero,6
24038400,Ms. Shannon Lee Greenan,6
01456450,Mr. Peter E. Avots,6
24074897,Mr. Adam Hiatt Pierson,6
24074464,Mr. Jacob Bruce Hyde,6
24037455,Ms. Jennifer Gale Jackson,6
18021550,Mr. Steven Richard 'Steve' Selsberg,6
24053883,Ms. Karolyne Hu Cheng Garner,6
00784298,Mr. James Warren 'Jim' Hryekewicz,6
24105029,Abigail Elizabeth  Chacon,6
00788891,Ms. Tracie Lorraine Tippen,6
17512400,Mr. Paul Lindsey Sadler,6
24012377,Mr. Ramiro Canales,6
24065259,Mr. Anthony John 'Tony' Fusco,6
24102898,Brian Michael Gargano,6
24027221,Ms. Laura Hanley Carlock,6
24087326,D'na Marie Collins,6
24078269,Megan Nichole Brown,6
16757500,Ms. Margaret Ann Reinke,6
10072010,Ms. Janine Beth Howard Gorell,6
24058817,Mr. Patrick James Clabby,6
24053545,Mr. Brent Edward Webster,6
24048650,James Kevin McKethan,6
24077850,Eric Kent Quisenberry,6
24032622,Ms. Elizabeth B 'Libby' King,6
00795833,Mr. Leroy R. 'Medford' Medford,6
02600985,Mr. Raymond 'Ray' Bonilla Jr.,6
11315250,Mr. Philip E. 'Felipe' Kenrick,6
13894975,Mr. Gilbert Medina Jr.,6
16677750,Mr. Gregory Lenn 'Greg' Reed,6
22264550,Mr. Gerald L. '(Jerry)' Zimmerer,6
06667700,Mr. Ronald Keith Esposito,6
24068658,Ms. Sarah Ann Duncan,6
24013469,Mr. Paul William Schlaud,6
13336725,Mr. Christopher M. McCaffrey,6
22136550,Ms. Susanna Yarbrough Johnson,6
24010481,Ms. Allyson Lind Wilkinson,6
24056414,Mr. Stephen David 'Stephen' Taylor,6
24069404,Mr. Jeffrey David 'Jeff' Boyd,6
24069841,Ms. Stephanie Anne Hamm,6
12305500,Mr. Ronald Henry Lewis,6
08311900,Mr. Robert Charles Graves,6
24092972,Elisha Davis 'Eli' Pierce,6
05375350,Mr. Phillip Andrew Danks,6
21312525,Ms. Judith Ann 'Judy' White,6
24048593,Jennifer Hope Naylor 'Jenny' Kingaard,6
19518300,Ms. Grace Surguy 'Grace Bellomy' Bellomy,6
24060534,Ms. Leah Rush Easterby,6
24068944,Dimitri 'Dimitri' Dube,5
24073550,Colby Austin Stout,5
07899700,Mr. Mark W. Gilbert,5
11381980,Mr. Scott Kidd,5
21125380,Ms. Mandy 'Mandy' Welch,5
24036349,Mr. Vishal 'Vishal' Chander,5
00796893,Mr. John Charles Kitchens,5
24075777,Elizabeth Ann Fitch,5
02147000,Mr. John Ballard Bennett,5
24046621,Ms. Eno Ekwere Peters,5
24049644,Stewart Sutherland Davis,5
16074400,Mr. David A. Pluchinsky,5
24048395,Jennifer Jane 'Jennifer' Clayton,5
24100919,Jacob Michael  Bach,5
16410350,Justice David E. Puryear,5
24060668,Mr. Brian Walters Stoltz,5
24012878,Mr. John Andrew 'Andy' Hutton,5
50511759,Ms. Laurie Michelle Higginbotham,5
12261000,Mr. Albert Levy,5
00795653,Mr. James Foster 'Jim' Smith,5
24032059,Mr. Joe Alfred Flores,5
24050223,Ms. Katherine Rose McGinnis 'Katie' Anand,5
24074887,Ms. Monique Giselle Diaz,5
18189300,Ms. Diana V.H. Shelby,5
12585450,Ms. Sarah L. Anderson,5
16399600,Mr. Robert Ellsworth Purgatorio,5
24007139,Mr. Nelson Starbranch Ebaugh,5
24063968,Mr. John Martin Lynch,5
24094943,Aaron Christian  Seymour,5
24007920,Mr. Christopher Carl Ritter,5
09413800,Mr. Robert D. 'Bob' Hemphill,5
02246000,Mr. William G. Berry,5
00791496,Mr. David S. Reese,5
24093379,Amy Lynne Kennedy Wills,5
24044894,Mr. Jeremy Dale Crew,5
14422500,Mr. Alan G. Moravcik,5
24093323,Adam Torrance 'Adam' Walton,5
24012197,Justice Rebeca Aizpuru Huddle,5
12093300,Ms. Gloria Leal,5
24027560,Ms. Jennifer Laurel Murphy,5
08621500,Mr. David C. Gunn,5
24076191,Mr. Donald Edward Little,5
24053027,Andrew Bryce 'Andy' Thompson,5
24063866,Joshua A. 'Joshua' Fogelman,5
24059896,Ms. Elizabeth A. Henneke,5
24045442,Mr. Joseph Isam 'Joe' Balat,5
00797076,Mr. Keith Brian 'Keith' Middleton,5
24060669,Mr. Matthew David 'Matt' Storey,5
19857250,Ms. Larriet Elaine Thomas,5
24064492,Mr. Ethan F. Goodwin,5
24060248,Mr. Britton Dale 'Britt' McClung,5
18847400,Mr. George Robert Sonnier,5
24074543,Ms. Olga Kobzar,5
03063200,Mr. Barry John Brooks,5
24041878,Mr. Josef Landon Schmidt,5
24004675,Mr. Thomas Rees 'Tim' Greene,5
06393000,Mr. Leslie R. Echols,5
24059498,Mr. Chevazz Guevara Brown,5
24070871,Mr. Lucas C. 'Luke' Wohlford,5
18546500,Ms. Carol Lynn Wolfram,5
24094614,Matthew Lester  'Matt' Daniels,5
24038437,Ms. Jennifer Marie Fremont Simons,4
12275230,Ms. Christina Lynn 'Christina' Lewis,4
00786327,Mr. David Walsh,4
24062942,Mr. Daniel Dale Plake,4
24085876,John Joseph Kappel,4
02222500,Mr. Michael  S. Bernstein,4
24035622,Mr. Jonathan Lawrence Marsh,4
09998900,Ms. Kristine  D. Horn,4
05226300,Ms. Karan Cummings Ciotti,4
21983550,Mr. Robert James Woody,4
24094796,Linda Leeser,4
24060477,Mr. Aaron Michael Reimer,4
24026978,Ms. Maryann Norwood,4
24092541,Naomi Howard,4
24069457,Mr. Stephen Andrew Calhoun,4
24055622,Ms. Cara Blossom Garcia Hanna,4
04536600,Ms. Christine 'Christine Biederman' Cole-Biederman,4
24079155,Andrew Chase 'Drew' Powell,4
19135400,Mr. Mark E. Steiner,4
24092797,Shane William McDonald,4
24041999,Ms. Amy Elizabeth Tabor,4
24055616,Mr. Weston Lynn Hall,4
09401000,Mr. John M Helms,4
00794537,Ms. Shannon Robbie Ramirez,4
24045194,Mr. Kenneth Neil 'Ken' Hickox Jr.,4
24068652,Mr. Marc Curtis Tecce,4
17643500,Mr. Stanley P. Santire,4
24035950,Mr. Bryant Steven Banes,4
15278550,Mr. William F. Olson,4
13493200,Mr. Michael W. McCrum,4
24002290,Mr. Kelly Dean 'Kelly' Hine,4
24078024,Edward Scott 'Eddie' Cawlfield,4
24056436,Ms. Melissa Gale 'Melissa' Thrailkill,4
24078338,Kayla Marie Puga,4
24095294,David Wayne  Barr,4
24076818,Jonathan Michael 'Jon' Jabcuga,4
24072807,Alexis Butler Hester,4
19542800,Mr. Robert R. Swafford,4
07601000,Mr. John C. Galvin,4
24060202,Mr. Michael Eric Ma,4
24075384,Mr. Eric Sherwood Rich,4
24046237,Ms. Michelle Miciotto Kostun,4
24100384,Aaron J.  'Aaron' Campbell,4
08948520,Ms. Lynn Porch Hardaway,4
24103826,Aaron John  Arenas,4
08560900,Ms. Clarissa Guajardo,4
09907300,Mr. David W. Holmes,4
24087883,Thomas Jay 'Thomas' Lane,4
10638500,Justice Terry Jennings,4
00790203,Ms. Jill Adams Malouf,4
24052007,Mrs. Sherry M. Barnash,4
24092777,Brandon Whit Maxey,4
24046461,Ms. Amy Nairn Montgomery,4
24097853,Caitlyn Elizabeth 'Caitlyn Hubbard' Hubbard,4
24066296,Mr. Ross Angus Williams,4
07770100,Mr. Don Gavlick,4
09197800,Mr. Roger A. Haseman,4
24066054,Ms. Amanda Sharp Montgomery,4
24091222,Aaron Eduardo Chibli,4
24100386,Matthew Nephi  Zimmerman,4
20499425,Mr. Michael Aaron 'Mike' Varner,4
24083966,Karson Karl Thompson,4
00798308,Ms. Paula Krause 'Paula' Lear,4
24084395,Whitney Lee 'Whitney' Warren,4
04487400,Ms. Brenda Karen Phillips,4
24052299,Mr. John Bradley 'Brad' Nitschke,3
24048755,Kendal Brian Reed,3
24051100,Mr. Richard Ku Murray,3
24069355,Mr. Matthew Colin 'Matt' Behncke,3
24072377,Mr. Christopher Adam Sully,3
24065358,Mr. Jerry Roger Hall,3
24074020,Mr. Hershel Robert Chapin,3
10302100,Mr. Thomas  Shepherd 'Thomas' Hunter,3
24063032,Ms. Carrie Thomas Schilling,3
24085630,Mr. Razvan Constantin Ungureanu,3
02275200,Mr. Rudolf William 'Rudy' Beuttenmuller,3
24091962,Kevin Douglas Hunter,3
04912500,Mr. John A. Cowan,3
16882080,Ms. Ruth L. Rickard,3
24074205,Mr. Jonathan Dane 'Jon' Fischer,3
20911500,Mr. Charles Winston 'Charlie' Waters,3
24051154,Mr. Samuel Rhett 'Rhett' Parham,3
24074907,Mr. Colin Cairney 'Colin' Pogge,3
24085821,Donald Mark 'Mark' Steadman,3
24027585,Mr. Jeffrey David Palmer,3
24053064,Mr. Adam Richard 'adam' Abrams,3
19997020,Ms. Denise S. Thrash,3
24074538,Mr. David Andrew Kirby,3
01812200,Mr. Kenneth Royce Barrett,3
24090106,Mr. Eric Michael Friedman,3
24075784,Christine Marie Tamer,3
00784609,Mr. Russell W. Mills,3
24069736,Mr. Jason Brent 'Jason' Freeman,3
17560000,Mr. Alan G. Sampson,3
06695000,Mr. Robert Hays Etnyre Jr.,3
24072992,Ms. Robin Elizabeth McIlhenny,3
07093500,Mr. Thomas C. 'Tom' Fitzhugh III,3
07015100,Mr. Mark S. Finkelstein,3
24098163,Heather Erin Myers,3
24037264,Ms. Roxana Isabel 'Roxy' Perez,3
24063012,Mr. Andrew Gregory 'Drew' Spaniol,3
24055624,Mr. Daniel Alexander 'Alex' Harrell,3
06361750,Mr. Larry D. Eastepp,3
24041358,Mr. Jose Luis 'Joe' Lopez,3
24069717,Ms. Katherine Ann 'Katie' Fillmore,3
24098303,Ethan Jacob Ranis,3
24091107,Robert Gene  Rodery,3
24026830,Mr. Robert Miller McCabe,3
24003080,Mr. Gregorio Trevino,3
24039397,Ms. Megan Renee 'Megan' Rohrs,3
24084389,Jessica Marie Knapp,3
04261500,Mr. Daniel Patrick 'Danny' Clancy,3
24057045,Mr. Roland James Garcia,3
24097171,Rachel Maureen  Taft,3
24105036,Itzel Martinez,3
24040418,Ms. Kara Lea 'Kara' Altenbaumer-Price,3
24074062,Mr. Coleman Bryant 'Cole' Conkling,3
24060026,Mr. David Saunders Johnson,3
15686900,Mr. C. W. 'Robin' Pearcy III,3
24080827,Ryan Vincent Caughey,3
24043515,Robby Patrick Abarca,3
24042651,Gant A. 'Gant' Grimes,3
24068620,Amy Seeai  Ooi,3
24033056,Mr. Fred H. Shepherd III,3
24047422,Mr. Kevin Lynn Koronka,3
24040739,Mr. Rodney Eugene 'Felix' Cox,3
24068653,Mr. Christopher Charles Benoit,3
07149050,Mr. William P. 'Bill' Flickinger,3
24084057,Jeffrey David Weatherford,3
24041117,Ms. Christina Gail 'Christina' Hollwarth,3
24083023,Lauren Elizabeth Freeland,3
24098665,Kyle Anthony Zunker,3
24087323,Megan Marie Newman 'Megan' Coker,3
24045449,Ms. Susan Elizabeth Barclay,3
00788076,Mr. Mark William Moran,3
24069695,Mr. Russell Harris Falconer,3
24086734,Kristen Reid  Vander-Plas,3
24032924,Mr. Troy Douglas Okruhlik,3
24032469,Mr. Scott Alan James,3
24057667,Mr. James Arthur 'James' Rodriguez,3
24041917,Mr. Kyle Christopher 'Kyle' Simpson,3
24079172,Mr. Adam Corey Ragan,3
24075516,Mr. David Vincent Overcash,3
24053509,Ms. Seema Tendolkar,3
24039078,Mr. Athill A. Muhammad,3
06287615,Mr. J. Brantley 'Brant' Durrett III,3
24069936,Mr. Neal Alexander Hoffman,3
24053256,Mr. Jonathan Whittington Harrison,3
24031889,Mr. Randy James Bruchmiller,3
24059101,Ms. Kristena Anette Glenn,3
24046156,Ms. Cassandra Christina Jeu,3
24099029,Sarah Michelle  'Sarah-Michelle' Stearns,3
24030810,Mr. Matthew Cameron Allen,3
24075517,Ms. Ashley Patton Butler,3
00788208,Ms. Aura Lily 'Lily' Pleitez,3
24051059,Ms. Staci Mims Vetterling,3
24095351,Christopher Corbin  Sisk,3
14763960,Ms. Michelle M. 'Michelle' Montemayor,3
24056288,Ms. Krystal Pfluger Scott,3
24074549,Ms. LeElle Bruerea Krompass,3
24079894,Tiffany Alex Talamantez,3
24009883,Ms. Ara Ayles Hardig,3
24093913,Charles Thomas Peters,3
24013745,Ms. Sherelle Tychanda Whitmore,3
24036761,Mr. Aaron Alan 'Aaron' Herbert,3
24053563,Mr. Matthew T. 'MATTHEW' Wright,3
24030307,Mr. Daniel Clayton 'Daniel' Hernandez,3
24044994,Ms. Stephanie Michelle Stodghill 'Stephanie' Harp,3
00794080,Mr. Kirk Allen Kennedy,3
03386500,Mr. Michael G. Burk,3
24076652,John David 'David' Roberson,3
24093230,Grace Hojin Sundberg,2
24057391,Ms. Heather Benzenhoefer,2
00785794,Ms. Catherine Marie Cramer,2
00784922,Ms. Tana Sue Schlimmer,2
24062598,Ms. Mary Elizabeth Wahne Baker,2
24037580,Mr. David Arlington Talbot III,2
24095834,Scott Maxwell  Chapman,2
24056191,Ms. Cassandra Marie 'Cassie' McGarvey,2
00785898,Mr. Roberto Garcia,2
24069419,Mr. Scott Philip Brinkerhoff,2
24033030,Ms. Marjorie Mary Campbe Salazar,2
24085619,Aaron Benjamin Tilley,2
24092739,Nicholas Howard 'Nicholas' Maddox,2
24059920,Mr. Aaron Michael Heckaman,2
24005209,Ms. Lisa Grissett Flournoy,2
24105464,Michael Midey  Besser,2
24079552,Mr. Jameson Joseph Watts,2
12685550,Mr. Forrest  D. Lumpkin,2
00786311,Ms. Ardita Leonne Vick,2
24060395,Mr. Preston Caleb 'Caleb' Patterson,2
24059380,Mr. Ryan Hugh Anderson,2
00784255,Ms. Amy A. Holley Hennessee,2
24088542,Alexander James 'Alex Toney' Toney,2
06898800,Ms. Sara J. Fendia,2
24078283,Edwin McAllister Buffmire,2
24076779,Natalie Friend Wilson,2
00788585,Mr. Raymond Anthony Villareal,2
24056471,Mr. Stephen Olan Venable,2
24069653,Ms. Laura Jane Durfee,2
16135500,Mr. Eddie Michael Pope,2
24045485,Ms. Theresa Lynn Kurzy 'Theresa' Berend,2
24102829,Zach Paul  Coufal,2
08017000,Mr. S. M. 'Mitch' Glassman,2
00789234,Ms. Melissa Louise Cooney,2
10090875,Ms. Amy Howell Alaniz,2
24006758,Mr. David Jerome Anderson,2
24074864,Mr. Shreedhar Rajnikant Patel,2
24012731,Mr. John Flaxman 'John' Greenman,2
21624300,Mr. John Williamson,2
24080001,Aaron Isadore Bryant,2
06949100,Mr. Robert Renick Feuille,2
24071257,Mr. Frank David Chelly,2
24048618,Robert Paul Leonard II,2
00785027,Ms. Raina S. 'Raina' Newsome,2
20357490,Mr. John Dirffie Tyler,2
00787562,Mr. Rene Gonzalez,2
24083118,Colin Lansford 'Colin' Guy,2
24075661,Mr. Kevin Goebel 'Kevin' Barnes,2
24080017,Mr. Nathan Kurt William Tenney,2
24093330,Colin Michael 'Colin' Watterson,2
20669700,Ms. Deborah Anne 'Deb' Wakefield,2
13874000,Mr. Robert Frank 'Robert' McWhorter,2
24093111,Mackenzie Don 'Mack' Schaffer,2
24094099,Adam Dennis  Lewis,2
24071950,Mr. Clifford Joseph Ashcroft-Smith,2
24070055,Mr. Mitchell Edgar 'Mitch' Kilby,2
00795763,Mr. Jason D. Hawkins,2
24092947,Autumn Hamit Patterson,2
24082982,Mr. Derrick Steven Feinman,2
24049712,Ms. Kristina Louise Cunningham,2
24043543,Meng-Chi Liu 'Rita' Ballard,2
00788642,Mr. Michael Todd Welty,2
24066009,Ms. Angela Rowland 'Angie' Webster,2
24034550,Ms. Kassi Dee Patrick Marks,2
24080709,Ms. Rebecca Sanchez Hayward,2
24065563,Mr. Scott Andrew Kitner,2
24087170,Kathryn Anne Bishkin,2
24102823,Robert Henry  'Bob' Ayik,2
24050681,Ms. Shelley Alaynne Grahmann,2
24012662,Mr. John Fuentes,2
24040942,Mr. Celestino Antonio 'Tino' Gallegos,2
24025660,Ms. Carole Stewart 'Carole' Anhalt,2
24061294,Ms. Amber Michelle Grand,2
24010235,Mr. Bruce E. 'Bruce' Miller,2
24056198,Ms. Melissa Anita Rentfro,2
24065236,Mr. Rene Arnaldo Flores,2
24049537,Ms. Jennifer C. Wang,2
24078506,Mr. Adrian Flores,2
24027829,Ms. Fredericka Searle Sargent,2
24040740,Ms. Tamika Craft-Demming,2
24076675,William Verne Scazzero,2
24093314,Vincent Moore 'Vincent' Wagner,2
24082671,Brandon Elliott Beck,2
24102899,Karen Shafrir Vladeck,2
02395800,Mr. Howard Benjamin Blackmon,2
24060611,Mr. Paul Wesley Simon,2
24066803,Ms. Stacie Elaine Stallings,2
24092107,Jason Earl Beesinger,2
17360700,Mr. Michael Rubenstein,2
24092489,Ms. Katherine Marie 'Katie' Harrington,2
24072510,Ms. Naomi Lorea Garcia,2
24013340,Ms. Jenifer King Points,2
24056837,Clayton Kyle Hodges,2
24073622,Ms. Allison Rose Brauer,2
24040934,Ms. Michelle Valadares Friery,2
00796586,Mrs. Kimberly Frutiger,2
24067486,Ms. Carolina Virginia Pfeiffer,2
24013596,Mr. James Stephen Sustaita,2
24106236,Pierce P.  MacGuire,2
24083367,Nicholas Robert Lawson,2
24044562,Ms. Laura Whitney 'Laura' Docker,2
00783729,Ms. Jean Brown 'Jean' Loveall,1
24074721,Ms. Kimberley Ann Miller,1
13557850,Ms. Sara McDonald McElroy,1
24033060,Mr. Robert Todd Sherwin,1
24013109,Ms. Jenny Lanell Martinez,1
24084558,Katherine 'Katie' Icenhauer-Ramirez,1
24076474,Shiv Kumar Kapoor,1
24104938,Ms. Jennifer Anita Foster,1
19103500,Mr. Richard Parks 'Dick' Steele,1
24055535,Ms. Alison Jacobs Gates,1
24080087,Amelia Ruiz 'Amelia' Fischer,1
01512900,Mr. Ronnie Wesley 'Ron' Baham Jr.,1
05842600,Ms. Sarah Smith 'Sarah Dickson' Dickson,1
15443750,Mr. Bernard J. Panetta II,1
24093774,Mr. Jibril Greene,1
24078646,Aaron Michael Heath,1
24027219,Ms. Susanna Hancock Murray,1
24063939,Mr. Christopher Lester Johnson,1
24103734,Theresa Golde,1
24093257,Nicolas William Thompson,1
24090481,Ms. Jasmine Selia Wynton,1
24012212,Mr. Douglas Norton 'Doug' Ames,1
24056577,Ms. Shaden Yousef Newton,1
24101785,Aaron Treat  Gankofskie,1
24051085,Mr. Craig Marcello Morgan,1
20545110,Mr. Hermon L. 'Lee' Veness Jr.,1
24102509,Dylan Joseph  Smith,1
24042370,Mr. Stephen Roger Dartt,1
24056265,Mr. Jonathan Erick Sandlin,1
12208700,Mr. David Neal Leonard,1
24078809,Mr. Jeffrey Dean Kuhnhenn,1
24081912,Jante Cheri Langan,1
18096300,Mr. Brian David Shannon,1
24069595,Ms. Rachel Rebecca Dedman,1
24070462,Mr. Michael Edmund Raeder,1
24040885,Mr. John Jay Farrell,1
24072949,Tyler Joseph Granger,1
24068629,Mr. Aaron Abram Martinez,1
24041086,Mr. James Wesley 'Wes' Hendrix,1
24046647,Ms. Kathleen Anne Post,1
24010825,Mr. Babatunde O. 'T.C.' Coker,1
24044916,Mr. Mark Avery Duncan,1
24047010,Ms. Kathleen Marie Turton,1
15443855,Mr. John F. Paniszczyn,1
24085865,Kirby Jerome Portley,1
00790780,Ms. Marilynne Gorham,1
24088368,Sara Ann 'Sara' Schretenthaler,1
24040841,Ms. Rebecca Elizabeth Br 'Brown' Durrett,1
24080855,Aleyna Christine Derrick,1
24088233,Christopher Andrew 'Chris' Plummer,1
19689000,Mr. Donald W. Taylor,1
24059843,Mr. Robert Bruce 'Bob' Goss,1
24082624,Jacqueline Alvarenga Gerber,1
24100063,Blair Elizabeth Brogan,1
08548300,Mr. Gary E. Grote,1
24099876,John Robert  Lamont,1
24095764,John Earl  'John' Duke,1
24099833,Juliana Rosetta Woodard 'juliana' Gutierrez,1
24095728,William Kriston  Knisley,1
24038780,Mr. Alexander Max Douglas Brauer,1
24102325,Seth Mitchell  'Seth' Park,1
15932000,Mr. Jimmy Phillips,1
24069537,Mr. Michael Arthur 'Mike' Correll,1
24100690,Gurney Fields 'Gurney' Pearsall III,1
24027124,Ms. Camille M. Knight,1
24012960,Ms. Tammy Butler Kidd,1
24073513,Brittany Megan 'Brittany' Taylor,1
24087190,Stephen William Bosky,1
10229000,Mr. Robert H. Hughes,1
24057074,Ms. Jessica Sundance Joyner,1
00786249,Ms. Joyce Diaz Logue,1
24077227,Michael Anthony Morgan,1
24072503,Ms. Alexis Wade Foster,1
19141300,Ms. Stephani Ann Stelmach,1
24094628,Alexander Tobias  'Alex' Dimock,1
24007679,Kyle A. Miller,1
24087124,Ms. Juliet Yassamin Azarani,1
03087285,Mr. James Sanford 'Jim' Brouner,1
24093626,Christopher Michael Lowry,1
24051669,Doyle R. 'Trey' Bunch III,1
24062747,Mr. Matthew Joseph Goheen,1
24058762,Joshua Ray Willoughby,1
24076677,Ms. Jody Erin Schechter,1
24094781,Kelly Denise  Koudelka-Clark,1
24078676,Mr. Brandon David 'Brandon' Holder,1
24100001,Kaitlyn Elizabeth  Tucker,1
24045751,Mr. Cameron Louis Davis,1
24074595,Mr. Cody Jack 'Cody' Lewis,1
20323000,Mr. Joseph E. Turner,1
15334950,Mr. Brian George O'Shea,1
24073530,Jill DeLynn 'Jill' Propst,1
24066121,Ms. Rachel Sonstein Leinen,1
24091908,Pamela Jeanette Newell,1
24033110,Mr. Philip David 'Philip' Ray,1
24042664,Ms. Korina Barraza,1
24060377,Ms. Candice Paiz Garcia,1
24056332,Ms. Sabena Singh 'Sabena' Talati,1
24029673,Ms. Leslie Katheryn 'Leslie' Kuykendall,1
24032914,Ms. Michelle Beth Whitman,1
12285000,Mr. James H. Lewis,1
24055344,Ms. Stephanie Coon Bauman,1
24079480,Justin Pierce Tschoepe,1
03664000,Mr. Michael B. Calliham,1
24060279,Mr. Mitchell Slate Miers,1
24088572,Anatasha Regine Vance,1
12667500,Mr. Lawrence M. 'Larry' Ludka,1
24037162,Ms. Julie Ann Nayar Searle,1
24098417,Kelly Christopher 'kelly' Shelton,1
24100659,Christine Marie  Rister,1
00786183,Ms. Nancy Lancaster Raine,1
24105881,Aroosa Nizami,1
24094799,Christopher Michael  'Chris' Lemons,1
00791890,Mr. Michael Keith 'Mike' Watson,1
24075025,Mr. William August 'Will' Scheel,1
24050552,Ms. Laura Alice Edmiston,1
24049385,Ashley Anne Smith,1
24070010,Mr. Matthew Grant 'Grant' Johnston,1
24106305,Joshua Michaels,1
24091945,Leida Yisset  Prieto,0
24045076,Ms. Brenna Gaye Holmes Nava,0
21010600,Mr. John Howard Weaver,0
24078070,Leslie Amber Utiger,0
24087218,Frank Parks 'Parks Brown' Brown,0
24103149,Andrew Mark Pettit,0
24089834,Jennifer Neal Bruning,0
24067764,Ms. Summer Lee 'Summer' Frederick,0
24057916,Mr. Patrick Matthew Hyde,0
,,0
24096607,Kristen Davis,0
24050264,Ms. Sharon Denise 'Sharon' Demarque,0
24078324,Laura Elizabeth Cauley,0
24083103,Mr. Sheridan Gary Green,0
24085950,Patrick Anelu  Lane,0
24094090,Aaron David  Radbil,0
24086477,Lindsey Brooke Craft,0
24028758,Mr. Patrick Joseph Brophy,0
24055576,Ms. Afton Gayle 'Afton' Washbourne,0
24065519,Ms. Miranda Yan Jones,0
24085711,Tiffany Paige Means,0
24081384,Kimberly Erin Marks 'Kimberly' Solomon,0
24099843,Marc-Anthony Patrick  'Marc' Hanna,0
24066129,Ms. Molly Christina Spieczny,0
24090499,Adam Luis Mata,0
24092544,Reid Thomas Hudgins,0
24004586,Ms. Cheryl Latrice Langston,0
00797656,Mr. Eric Lamar White,0
24074212,Mr. Jordan Hunter Flournoy,0
24029386,Mr. Charles Eugene 'Charles' Smith,0
00793194,Mr. Mark S. Taylor,0
24084483,Bryan Gerald Hall,0
00797907,Mr. James C. Jordan,0
24079539,Dana Walsh 'Dana' Ladner,0
00787785,Mr. Scott Lee Johnston,0
09096300,Mr. William J. Harris,0
24097639,Elizabeth Jensen 'Lizz' Dye,0
24105583,Jenna C.  Castleman,0
24098244,James Dillon Perl,0
06548700,Ms. Rebecca M. 'Beckie' Smith,0
06321050,Mr. William Bradley Dyer,0
24101426,Katia Nicole  Alcantar,0
24098320,Charles Reese Rhodes,0
01520500,Mr. Donald Ray Bailey,0
24105187,Mr. Curtis Francis 'Curtis' Doebbler,0
24069870,Mr. Jeffrey Ta-Hwa Han,0
24068445,William Wood 'Bill Meeks' Meeks,0
12561000,Mr. Thomas A. Loose,0
01595500,Mr. Thomas E. 'Tom' Baker,0
24083190,Megan Gayle Holloway,0
09530700,Ms. Sylvia M. Herrera,0
04379000,Mr. Joseph H. Cleveland,0
24074770,Ms. Denise M. Mudigere,0
24069807,Mr. Brandon Jonathan Goodwin,0
24059987,Mr. Christian John Hurt,0
24048864,Mr. Barnett Oliver Walker Jr.,0
24070876,Mr. Daniel Connor Wood,0
24079161,Larissa Anne Prilliman,0
24013321,Mr. Sean Jason Petrie,0
16088565,Mr. Peter James Poland,0
15939800,Mr. Richard H. Phillips,0
24033653,Mr. Stevan Adam Buys,0
24081235,Brian Michael Morris,0
24046009,Mr. Zachary Robert 'Zak' Hall,0
24077530,Charlotte Diann Nall,0
24090655,Benjamin Avila 'Ben' Martinez,0
24059100,Ms. Petrina Lucretia 'PT' Thompson,0
24047089,Mr. Frederick Hongyee 'Fred' Wen,0
24091829,Randy Edward  Lopez,0
24035610,Mr. Michael Dale Rose,0
24072753,John David Barker,0
07332100,Mr. Duncan R. Fox,0
21576375,Mr. Scott V. 'Scott' Williams,0
24103623,Christian Bryan 'Bryan' FitzGerald,0
00789556,Mr. David Lee 'David' Pratt,0
00787431,Mr. Gregory Karl Ellis,0
00789922,Mr. John S. Williams,0
24048139,Ms. Kristin Anne Brown,0
00794236,Mr. Richard D. 'Rich' Martindale,0
24104178,Kyle Jordan  Ernst,0
24029681,Ms. Joan 'Joan' Larson,0
24103189,Janet Lee  Hermann,0
24073480,Kenneth Michael 'Kenny' Morris,0
24037223,Ms. Linda Harris 'Linda Oshman' Oshman,0
24105130,Susan Arnold  Shubert,0
24075311,Mr. Keron Andre 'Keron' Wright,0
24039590,Mr. Jeffrey Dennis 'Jeff' Wilson,0
24083408,Daniel Scott Lockwood,0
24094254,Ashley Nicole Foret 'Ashley' Dees,0
24069582,Ms. Rebecca Hartenbaum Davis,0
24070432,Mr. Eric Robert 'Eric' Poole,0
00791012,Ms. E. Ericka Kelsaw,0
24084127,Joseph Andrew 'Joseph' Wyly,0
19982900,Mr. Russell J. Thornton,0
24065225,Mr. Patrick Scott 'Scott' Field,0
24093649,Alfred Raymond 'Al' Trudeau,0
24059479,Mr. Richard Ronald 'Rick' Bradley,0
24069501,Ms. Jennifer Cheng-Yee Chiang,0
24103891,Jennifer Denise  'Jennifer' Nasser,0
24042132,Mr. David Jonathan 'David' Weiner,0
24103584,Mr. Clayton Christopher Littlefield,0
06461650,Ms. Susan  L. Edwards,0
24060952,Mr. Jesse Mark Blakley Jr.,0
24090362,Philip William Rodgers,0
24091083,Maria Elena Gonzalez Pate,0
00785814,Mr. Ramon M. 'None' Delvillar-Gallardo,0
24105032,Matthew Edward  Furse,0
24049352,Stanley Lubin,0
24102962,Smaranda Draghia,0
24069569,Ms. Sarah Darnell Wood,0
24092421,Danielle Antonia Gilbert,0
24090948,Brian David  'Brian' Livingston,0
24103745,Thomas E.  'Tommy' Damico,0
07593500,Mr. Robert Mark Galloway,0
06798090,Ms. Benita Falls Harper,0
24106419,Tania Sethi,0
24086896,Mathilde Keith 'Tilly' Kamin,0
24041906,Mr. Scott Clifford Sherman,0
00785036,Ms. Jill Diane Sandal,0
11443000,Mr. Gerald L. 'Jerry' King,0
00785819,Ms. Angeline S. 'Angie' Reese,0
08509950,Ms. Carol A. Grissom,0
24085218,Brian Andrew Breedlove,0
24088354,Alexandr 'Alex' Satanovsky,0
24033268,Ms. Carrie Ann King,0
24065085,Ms. Sarah Janet Cottrell,0
24096772,Elan A.  Cabrero,0
08369250,Mr. Steven Keith Green,0
24046322,Ms. Trina Michelle Lozoya,0
24051953,Mr. Matthew Scott 'Matt' Compton,0
10748300,Ms. Jody L. Johnson,0
24086254,Elissa Anne Hugman,0
24062938,Ms. Sara Mya Keith,0
24087301,Seth William Christensen,0
21238880,Mr. James Michael 'Mike' Whalen,0
24053339,Mr. Rafael Maranto,0
24058548,Mr. Joshua Michael Schneider,0
24026450,Mr. Brian Drew Smith,0
24097488,Aaron Daniel Chapman,0
24075418,Mr. Alan Luis Quiles,0
24100464,Michael Dudley  'Michael' Powell,0
24054515,Steven Bennett Weisburd,0
24102442,Stephanie Ann  Rzepka,0
24070740,Mr. David Andrew Thompson,0
24083696,Jeffrey Todd 'Jeff' Quilici,0
24034833,Ms. Anh Tuyet Nguyen,0
24081963,Mr. Matthew John Kolodoski,0
11649000,Mr. Robert C. Koehl,0
24053557,Mr. Michael Roland Willis,0
13210500,Mr. Michael D. Matthews,0
24100511,Justin M.  Stevens,0
24097508,Jadyn Christina 'Jadyn' Cleveland,0
24060219,Ms. Audrey Lynn Maness,0
24094403,Anjali Sharma,0
24079759,Mr. Salvatore Frank Bianca Jr.,0
24047535,Mr. Daniel C. Skinner,0
24074117,Mr. Travis Edward DeArman,0
24068169,Ryan Michael Walters,0
24012838,Ms. Jennifer Hodgkins,0
24061332,Christopher William Simpkins,0
24025953,Mr. Stephen U. Baer,0
24093655,Theodore Christian 'Ted' Yarbrough,0
20707000,Mr. James H. Walker,0
15372000,Mr. Robert Eugene Owen,0
13057200,Ms. Carol F. 'Carol Martin Porter' Martin,0
252,fdfeefee,0
24072150,Ms. Elizabeth Delia Leal Hill,0
24093890,Mark Francis Juba,0
24070926,Mr. Cornelius Darius Williams,0
24032579,Mr. Javier 'Harv' Martinez,0
24033205,Mr. Robert Scott 'Scott' Smith,0
08716665,Mr. Paul Georges 'Paul' Hajjar,0
24085480,Christine Elizabeth Natarajan,0
24097411,Daniel Sean Bradley,0
24076750,Lara Lucy Vartivarian,0
11795454,Mr. Robert Charles W. Lamb,0
24091243,Carrie Elizabeth Thomas,0
07184000,Mr. John W. Floyd,0
00798062,Ms. Nicole Bennett Warren ,0
24047264,Ms. Stephanie Erin 'Erin' Brunson,0
24076668,Rodolfo Santos Jr.,0
24105491,Sean M.  Affleck,0
24059438,Mr. David A. Becker,0
14325600,Ms. Dawn K. Enoch 'Dawn Moore' Moore,0
24037113,Ms. Kimberly Irene Miller,0
24027384,Mr. Arturo Gallegos,0
24039180,Mr. Kevin Daryl Smith,0
17623700,Ms. Angela S. 'Angie' Raba,0
24084516,Susanne Marie 'Sue' Cichanowicz,0
24032497,Ms. Kathleen Downes 'Kathy' Kennedy,0
07805430,Mr. James L. George,0
24002610,Mr. Walter Duval 'Walt' Miller,0
16935827,Ms. Minerva 'minerva' McLaughlin,0
24036209,Mr. David Andrew Bell,0
24073336,Arthur Gollwitzer III,0
21903600,Mr. Matthew C. Wood,0
24031903,Mr. Ronald William 'Ron' Burns,0
00792063,Mr. Paul J. Morgan,0
24089762,Angela Leigh Lipscomb,0
07806660,Mr. Robert H. George,0
24065768,Ms. Brooke Miller Mixon,0
24082154,Paul Elliot Still,0
03526000,Mr. John M. Butler,0
24067115,Mr. Troy Grayden Taylor,0
24103157,Camilla Jeanette  Hundley,0
00788931,Mr. Paul K. 'Paul or PKM' Mancini,0
24087400,Whitney  Deason  Beckworth ,0
24088699,Kenneth Alan 'Ken' Young,0
24081579,Evan Gray Howze,0
24038381,Mr. John Bradley 'Brad' Duhe',0
24104097,Eman 'Eman Sojoodi' Sojoodi-Haghighi,0
00794015,Mr. Brian L. Jackson,0
24058058,Mr. Aaron James Power,0
24033025,Ms. Jennifer Marie Rynell,0
24079071,Patrick Ian 'Pat' O'Brien,0
24105730,Mauricio Vazquez,0
24050991,Mr. Hollingsworth Barret 'Barret' Marshall Jr.,0
24095903,Ms. Kelly Jean Melina 'Kelly Jean Tompkins' Tompkins,0
19148000,Mr. Joe S. Stephen,0
24072970,John K. Davis,0
22244500,Ms. Elizabeth Z. Johnson,0
24095655,Ronald Lee  'Ronnie' Flack Jr.,0
24007556,Mr. Robert Byron Little,0
07622100,Mr. Francis L. Gannon,0
00788176,Mr. James D. W. 'James Peden' Peden,0
24092059,John David Atkins,0
24083473,William Cagney 'Cagney' McCormick,0
24082084,Mr. Jonathan Ralph 'Jonathan' Jackson,0
24037238,Mr. David James Parsons,0
15443075,Mr. Christopher  Anthony Palumbo,0
24088978,George Kochukaleekal Samuel,0
24101795,Mitchell Ramon  'Mitchell' Garrett,0
24105748,Christian Joseph  Cowart,0
24036973,Mr. Gregory Wayne 'Greg' Lisemby,0
24034727,Mr. Bradley Elliot Visosky,0
13088900,Mr. Jose L. Martin,0
24059749,Mr. Jonathan Harry Finke,0
09952020,Ms. Tammy Lynn Hooks,0
24087006,Alexander Raymond  Comsudi,0
24009267,Mr. John Daniel Sullivan,0
24055428,Ms. Rebecca Anne 'Becca' Moss,0
24092848,Mr. Augusto Ignacio Molina,0
24062420,Paige Bruton Williams,0
24079439,Nicholas Keith Taunton,0
13837000,Mr. James D. McNicholas,0
01812600,Mr. Richard Barrett,0
24060035,Mr. Robert Barnard Johnson,0
09066150,Mr. Jay Jones Harris,0
14490000,Mr. Joseph B. Morris,0
24089580,David Michael Dyer,0
24057718,Ms. Tiffany Lori Field Martin,0
24026904,Ms. Jacquelyn Ashley 'Jacquelyn' Boutwell,0
00787254,Mr. Tracy Dee Cluck,0
11536000,Mr. John R. Kirwan,0
24064897,Ms. Leah Bhimani Buratti,0
24080920,Mr. Joseph Alfonso 'Joe' Guajardo,0
24097409,Phillip Paul Boyd,0
24059585,Ms. Nicole Clark,0
24076859,Ms. Rhonda Richardson Caviedes,0
11771500,Mr. John H. Kuykendall,0
22034500,Mr. James C. Wright,0
24070274,Ms. Hannah Robertson Miller,0
12950000,Mr. Russell M. Manning,0
24065990,Ms. Andrea R. Morris,0
20736000,Mr. William A. Walker,0
24059082,Manesh Jiten 'Manesh' Shah,0
24053450,Mr. Omar Weaver Rosales,0
24076349,Alberto Diaz,0
24086798,Nicholas Lawrence Senkel,0
24105873,Hoang N.  'Mario' Nguyen Jr.,0
17852300,Ms. Lucinda S. 'Lucinda' Watson,0
24084263,Jessica A. 'Jessica' Bergeman,0
10195980,Mr. William Hicks 'Bill' Huffman,0
24030880,Mr. Robert Patrick Scott,0
24101502,Aaron Kevin  Bender,0
24085582,Mr. John William Shanklin II,0
24085898,Catherine Molloy,0
10435400,Mr. Chris A. Iverson,0
18562830,Ms. D. Diane 'Diane Parker' Smith,0
24102331,Stephen Lewis  'Stephen' Pasta,0
24079987,Ms. Amber Christine Bollinger Shushan,0
24067846,Ms. Hillary Anne Rolfes,0
24064999,Ms. Kelly Catherine Canavan,0
10209000,Mr. Carl Donald Hughes Jr.,0
24104944,Andrew Chongseh Kim,0
15790710,Ms. Suzanne Kirby Perkins,0
24087782,Hussain Muhammad Ismail,0
24082958,Kristen Nicole Ellis,0
24093958,James Dennis  'Jim' Coleman,0
24077796,Lauren Paige  Allen,0
24104661,Amelia hilda  caicedo,0
24029744,Ms. Jane Nguyen Vuong,0
00795750,Ms. Marsha Brown Herbert,0
24094156,Benjamin Thomas Kemmy,0
24103020,Clinton James 'Clinton' Wolbert,0
24047142,Ms. Sara Elizabeth Woods,0
24064496,Mr. Daniel Mark 'Dan' Branum,0
18869675,Mr. Charles  A. 'Kin' Spain Jr.,0
24076143,Mr. William Bennett Thompson,0
24079647,Ms. Ashley Lauren White,0
06442000,Mr. Donald A. Edwards,0
24103977,Caleb David Villarreal,0
00784736,Mr. Leslie V. Payne,0
04251375,Mr. Richard J. 'Rick' Cinclair Jr.,0
24094773,Maura Keri Kennedy,0
24033193,Ms. Leigha Amy Simonton,0
24072039,Mr. John Reed Clay Jr.,0
24070966,Mr. Ryan Moore Craig,0
24066107,Mr. James Andrew 'Andy' Smith,0
24096057,Kaitlyn Ann  King,0
24069722,Ms. Alicia Lynn Flarity,0
05764000,Mr. Joe D. Denton,0
24077422,Mr. Qing Yu 'Qingyu' Li,0
24089761,William Christopher 'William' George,0
07963100,Mr. John W. Gilpin,0
24042284,Ms. Paula Burnett Moore,0
24069340,Mr. John Cody Barnes,0
24032302,Ms. Clarissa Ruth Schoen Hodges,0
24040149,Ms. Maureen Teresa McKeon,0
24072020,Mr. Brian Clifton Campbell,0
09618250,Justice Laura C. Higley,0
13551240,Ms. Kelli Lynn Weaver,0
24102515,Megan Alyssa 'Megan' Smith,0
24070817,Mr. David Bartholomew 'Bart' Waxman,0
17800300,Mr. Carl Edwin Schoessow,0
24074774,Ms. Eva Marie Cosmos  'Eva' DeLeon ,0
24106493,Richard Tate,0
24096147,Benjamin Louis Schlitt  'Ben' Ritz,0
24054908,Mr. Justin Gardner Roberts,0
10699000,Mr. Dale H. Johnson,0
24034766,Mr. Justin Adatto Nelson,0
16541050,Ms. Sheila S. Randolph,0
19667000,Mr. Milton York Tate Jr.,0
21832860,Ms. Cheri L. Witter,0
24079488,Leslie Marie Tyroch,0
24078610,Mr. Carson Guy,0
24036240,Mr. Bradford Wayne Bogan,0
24009497,Mr. Joe Lopez,0
24106520,Daniel P.  Troiano,0
16039940,Mr. George Pitchford,0
24102550,Jason Bradley Supplee,0
24013263,Ms. Megan Marie O'Laughlin,0
24011203,Mr. Thomas Louis 'Tom' Casagrande,0
24068512,Mr. Jason Daniel Bone,0
15024000,Mr. Fred Niemann,0
24070685,Ms. Shannon Larine Stokes,0
08529200,Mr. Robert O. 'Bob' Groover III,0
24099956,Mr. KyungJin Joe 'Joe' Shin,0
24103575,Ms. Leah Annice Holder,0
24088915,Rebekka Lynne Woodley Peltzman,0
24059525,Mr. Patrick Ryan Byrd,0
24071981,Ms. Reena Sameet Bhushan,0
00792589,Mr. Anthony Wei Chun Hong,0
10495500,Mr. Samuel E. Jackson,0
18116700,Mr. James W. Sharp,0
24083107,Ingrid Blair Grobey,0
24063137,John Thomas 'David' Chapman,0
00785556,Ms. Sharon A. Farmer,0
24077359,Aaron Levine,0
24092594,Shawn Christopher Johnston,0
24035300,Mr. Gary Leonard,0
24060841,Ms. Jordan Lindsay Preddy,0
02315500,Ms. M. Ann 'Ann' Cope,0
24062692,Mr. Nicholas Alexander Davis,0
24102145,Grant Perry  Martin,0
14900000,Mr. John Bernard Nelson,0
24072195,Mr. Raymond Matthew Kutch Jr.,0
04748000,Mr. Thomas L. Cook,0
24062601,Ms. Natalie Kaye Barletta,0
24098565,Alston Lyons 'Alston' Walker,0
24050764,Mr. Robert Sean Hill,0
24038481,Ms. Sarah Jeanne Clark Davis,0
19048000,Mr. Richard R. Stanley,0
24037812,Ms. Jennifer Claire 'Jen Kuhn' Kuhn,0
24072846,Davina Carson Wittick,0
04913000,Mr. Robert C. Cowan,0
24097341,James Brandon Barnes,0
24076647,Cathy Wi Richardson,0
24092857,Michael Patrick Moran,0
24068125,Mr. Michael Benjamin 'Michael' Johnson,0
24097120,Corinne Conerly  Queenan,0
24065324,Ms. Kathryn Knorr 'Katie' Green,0
24092950,Cristine Ellen Patty,0
24077661,Mr. Jonathan Ray 'Jon' Tate,0
24086404,Abigail Elyse Brown,0
24012670,Ms. Nicole Schauf Miller,0
24062501,Mr. Kevin Roy 'Kevin' Grubbs,0
50511672,Ms. Mary Nicole Morrison,0
00791224,Judge Robert Bruce McFarling,0
24051024,Ms. Greta Stoltz McFarling,0
24066839,Kelly Michelle Cross 'Kelly' Croxton,0
24028866,Mr. Kenneth R. Ward,0
24079660,Ms. Heather Burgess Johnston,0
24091387,Chigozirim Ugochukwu  Nwaogwugwu,0
15137500,Mr. Randall H. Nunn,0
24075090,Mr. James Craig 'Craig' Smith,0
16284000,Judge Charles Price,0
24032481,Ms. Leslie Rachael 'Rachael' Jones,0
24080889,Bryan Joseph Fagan,0
24027330,Mr. Jarod Spencer Gonzalez,0
24075171,Mr. Jared Michael Tong,0
24034275,Ms. Kimberly Deanne Phillips,0
24062487,Amanda Elizabeth Rogers Love,0
24060932,John Patrick Wagner,0
24098585,Brittany Ann Weaver,0
24080089,Juan R.  'John Rudy' Flores,0
04212980,Mr. Chris A. 'chris' Choate,0
24002991,Ms. J. Nicole 'Nicole' Stafford,0
06136090,Mr. Tracy Wesley Druce,0
24076310,Lauren Denise 'LC' Childress,0
24107011,Lindsay R.  Drennan,0
24095940,Tony Brian  'Brian' Price,0
24094390,Mr. Adolph Etienne Voigt IV,0
24105046,Sunejiro 'Sune' Agbuke,0
24026889,Ms. Alyssa Renee Jurek,0
18032070,Mr. Gerald 'Jerry' Serena,0
14693000,Mr. John C. Murphree,0
24101054,Brian Scott  Watson,0
24074871,Mr. Nicholas John 'Nick' Pavlov,0
16295000,Mr. James O. 'Jim' Price,0
24089768,Ms. Adriana Cecilia 'Adriana' Pinon,0
24040010,Mr. Richard Connor 'Richard' Coffman,0
24089370,Alexandra Raye 'Alex' Parker,0
22203500,Mr. Michael Glenn 'Mike' Young,0
24049535,Ms. Christina Walton 'Crissie' Stephenson,0
24036884,Ms. Jennifer Renaie Kelley,0
24079209,Mr. Geoffrey Edward Riddle,0
24010309,Mr. Michael Phillips,0
15944000,Mr. Thomas M. Phillips,0
24082265,Stephanie Nicole Neal,0
24072189,Ms. Michelle Annemarie Koledi,0
08276000,Mr. William E. Graham,0
24085033,Katherine Greer Kuras,0
09067000,Mr. Jerry L. Harris,0
24069567,Mr. Robert Seth Daniel,0
24055225,Ms. Emily L. Buchanan,0
15115100,Ms. Mary Elizabeth 'ME' Anderson,0
21578000,Mr. Thomas Earl Williams,0
24106712,Hayley Ann  Cutler,0
24032883,Mr. Matthew Ryan 'Matt' Moscicki,0
00785602,Ms. Lisa Warren Wright,0
24064279,Arthur B. Archambeau,0
24087616,Adam Lee Gray,0
24105422,Kyle Randall  'Kyle' Akin,0
24088285,Scott William Reid,0
24106133,Zachary Allen  'Zach' Irons,0
90001895,Mr. Daniel Stephen 'Danny' Dexter,0
08140250,Mr. Stephen D. 'Steve' Good,0
11696100,Ms. Diane Marie Kozub,0
24083291,Melissa Dawn 'Melissa' Kalka,0
